"","PoolID","Id_code","Time_Point","Foundation_spp","Before_After","Removal_Control","Day_Night","Group","TADeltaTime","DICDeltaTime","DeltaTime","DeltaNN","DeltaNH4","DeltaPO","DeltapH","DeltapCO2","DeltaDO","SurfaceArea","Vol","SAtoV","TideHeight","SamplingVolume","AdjSamplingVolume","DeltaTA_N_Norm","NEC.mmol.m2.hr","Tempmean","pCO2mean","Salinitymean","Windmean","pHmean","DOmean","NNmean","NH4mean","POmean","K","dpCO2","a","F_CO2","NEP.mmol.m2.hr"
"1","1","D_1_4_AI",4,"Phyllospadix","After","Control","Day","After_Control",21.3299192638224,-14.0772748722602,0.966666666666667,3.445624,0.443496,0.2150181,0.00454229944827933,-0.0261185841320639,3.63,3.61,0.291468955411903,12.3855386070134,0.927449,0.290118955411903,0.290118955411903,-17.8977550638224,-0.761090600450511,11.95,1037.47430680674,35.05,0.85,7.67029129364231,10.335,11.150948,2.3394414,0.65441695,0.180500309583467,626.614306806735,0.0411749059853477,0.0465704971101385,-0.482734138549697
"2","1","N_1_4_AI",4,"Phyllospadix","After","Control","Night","After_Control",32.4360445588236,-71.8284225146203,1.13333333333333,-1.1283472,0.1330488,-0.045199,-0.135101367543427,470.226092044107,-1.17,3.61,0.291468955411903,12.3855386070134,0.927449,0.290118955411903,0.290098955411903,-33.7878385588236,-1.22542672987447,11.2,1385.36481030931,35.45,0.45,7.54950191511772,2.475,2.5861112,3.5257932,0.7264125,0.0495229975074588,974.504810309309,0.0420831243668969,0.0203094838539942,-4.00506918013354
"3","1","D_1_4_BC",4,"Phyllospadix","Before","Control","Day","Before_Control",-42.8176645147059,81.981822681742,1.11666666666667,0.1741744,0.365884199999999,0.1956471,0.0740867326586194,-74.439181377374,2.23,3.61,0.291468955411903,12.3855386070134,0.927449,0.290118955411903,0.290118955411903,43.0172489147059,1.58355671197557,14.4,337.301408243178,35,0.55,8.09794908799384,11.255,1.4804824,6.5249349,0.62536045,0.0808749521998421,-73.5585917568221,0.0381496616105392,-0.00226954152548212,4.45456443991554
"4","1","D_1_5_BC",5,"Phyllospadix","Before","Control","Day","Before_Control",-2.16322789235301,61.895235505918,0.983333333333333,0.5376688,-1.7407218,0.0710270000000002,0.0888375644049937,-67.8012719756776,-0.479999999999999,3.61,0.291468955411903,12.3855386070134,0.927449,0.289718955411903,0.289718955411903,4.58367249235301,0.191349867080537,15.5,266.181181566652,35.05,0.35,8.17941123652565,12.13,1.836404,5.8375161,0.7586975,0.0337299996612659,-144.678818433348,0.0368885342314516,-0.0018001665559038,4.97820393228174
"5","1","N_1_4_BC",4,"Phyllospadix","Before","Control","Night","Before_Control",43.2756817311756,-71.8657460858615,0.85,-0.0151456,6.6635274,-1.4302255,-0.0968606982839235,261.22656108987,-0.23,3.61,0.291468955411903,12.3855386070134,0.927449,0.290118955411903,0.290118955411903,-52.8148057311756,-2.55417883708628,15.35,1001.07291190346,33.1,5,7.67262662435399,3.755,0.4581544,4.7620383,1.33175625,6.8563390303853,590.212911903461,0.0374607002978629,1.51592209306814,-5.91274743834024
"6","10","D_10_4_AI",4,"Mytilus","After","Removal","Day","After_Removal",4.08741111911763,82.1719627857956,0.983333333333333,0.151456000000001,1.441362,0.445533000000001,0.205643462597275,-251.228485604638,1.12,2.205,0.318639787657635,6.92003976091391,1.107963001,0.317289787657635,0.317289787657635,-4.48625111911763,-0.335796338811905,12.8,481.406308733927,34.7,0.3,7.95286425058431,16.26,12.798032,13.027695,3.6643475,0.0230272833967115,70.5463087339274,0.0401598942575164,0.000652393403497406,12.6363029861379
"7","10","N_10_4_AI",4,"Mytilus","After","Removal","Night","After_Removal",52.0478304248018,-65.7799695386129,1.1,0.530096,-1.10874,0.32285,-0.0390086308361903,259.830804948221,0.11,2.205,0.318639787657635,6.92003976091391,1.107963001,0.317289787657635,0.317289787657635,-49.7632944248018,-3.3297342772577,10.8,2332.15826999194,35.45,0.35,7.33007186336667,2.055,13.744632,23.061792,4.997718,0.0296167988870695,1921.29826999194,0.0426328817107585,0.0242592626845412,-5.49739151029757
"8","10","D_10_4_BC",4,"Mytilus","Before","Removal","Day","Before_Removal",-41.6236681328066,31.4882443134293,1.13333333333333,0.681552,5.211078,0.594044,-0.0593796120910817,129.630990157213,0.27,2.042,0.227626568915722,8.97083328069688,1.107963001,0.226276568915722,0.226276568915722,38.2822301328066,1.91456031435,15.65,1092.79849761024,35.5,0.85,7.61251628418534,8.475,16.546568,21.010623,4.138937,0.199728887770556,681.938497610245,0.0366311130822424,0.0498926081566299,1.1851098235459
"9","10","D_10_5_BC",5,"Mytilus","Before","Removal","Day","Before_Removal",31.3517974684662,-50.1055865998553,1.18333333333333,2.65048,-0.221747999999998,0.238909,-0.0888736030533757,324.888447822981,-0.68,2.042,0.227626568915722,8.97083328069688,1.107963001,0.225876568915722,0.225876568915722,-28.0017514684662,-1.33887237481973,17,1320.05821660034,35.95,1.65,7.53838967661311,8.27,18.212584,23.505288,4.5554135,0.779548089720805,909.198216600342,0.035110649063955,0.248851546961063,-3.7014641475173
"10","10","N_10_4_BC",4,"Mytilus","Before","Removal","Night","Before_Removal",42.3965618227426,-50.5936923868703,0.883333333333333,0.204465600000001,10.089534,1.343056,-0.0284012422760878,210.386141356635,-0.76,2.042,0.227626568915722,8.97083328069688,1.107963001,0.226276568915722,0.226276568915722,-49.5955182227426,-3.18234528174503,15.1,2226.72829932239,33.3,5.05,7.36103128886576,2.1,3.956788,21.010623,2.627999,6.94774016311756,1815.86829932239,0.0377026676566953,4.75663683642877,-8.06707977519617
"11","11","D_11_4_AI",4,"Mytilus","After","Removal","Day","After_Removal",-7.80383721764724,76.0591979149299,0.983333333333333,-0.984464,1.0754778,0.0774839999999999,0.139632730130089,-125.423398704624,2.1,1.574,0.178274771442862,8.8290675526373,1.673113001,0.176924771442862,0.176924771442862,5.89886341764724,0.344903127634822,12.9,333.261818469696,34.8,0.3,8.08329812851779,17.09,7.76212,5.2942335,1.459282,0.0230914844226083,-77.5981815303036,0.0400111236714841,-0.000716942200320291,8.55008831760809
"12","11","N_11_4_AI",4,"Mytilus","After","Removal","Night","After_Removal",36.3955208811763,-67.2616300037303,1.08333333333333,-0.0530095999999984,0.665244,0.19371,-0.104835793692416,455.757927318493,-0.35,1.574,0.178274771442862,8.8290675526373,1.673113001,0.176924771442862,0.176924771442862,-36.7263544811763,-1.94915002900383,10.9,1703.74371436187,35.5,0.3,7.4464987554003,2.935,6.228628,13.083132,1.67882,0.021821879662238,1292.88371436187,0.0424822495920133,0.011985582003897,-5.20228676860119
"13","11","D_11_4_BC",4,"Mytilus","Before","Removal","Day","Before_Removal",-10.7189778594743,3.25988111465108,1.11666666666667,3.7864,1.441362,0.6457,-0.0587682934720286,259.130401985301,-0.82,1.062,0.11705341948545,9.07278065577582,1.673113001,0.11570341948545,0.11570341948545,14.3554158594743,0.716406539019985,16.1,1807.21360985245,35.25,0.9,7.39485694078001,6.62,10.22328,24.780339,2.25995,0.226581917963441,1396.35360985245,0.0361934269469204,0.114511833042679,-0.505549860300259
"14","11","D_11_5_BC",5,"Mytilus","Before","Removal","Day","Before_Removal",46.0563371884043,-42.4367927422149,1.21666666666667,0.151456,-1.995732,0.374506,-0.0199451664389816,161.778142326224,-1.36,1.062,0.11705341948545,9.07278065577582,1.673113001,0.11530341948545,0.11530341948545,-43.1601371884043,-1.97003759986057,18.3,2017.66788200821,35.8,1.6,7.3555002108245,5.53,12.192208,24.503154,2.770053,0.757589953654934,1606.80788200821,0.0338457989717407,0.412005421569731,-2.31600913694921
"15","11","N_11_4_BC",4,"Mytilus","Before","Removal","Night","Before_Removal",80.3008605687876,-84.0781715854041,0.883333333333333,-0.0378640000000001,6.09807,0.619872,-0.0107775013370528,123.87673705203,-0.18,1.062,0.11705341948545,9.07278065577582,1.673113001,0.11570341948545,0.11570341948545,-85.1970505687876,-5.3748612369384,15.1,1931.38722567379,33.3,4.75,7.38243914085536,2.68,1.949996,18.571395,1.459282,6.14678511637447,1520.52722567379,0.0377026676566953,3.52382483181125,-8.75751171502581
"16","12","D_12_4_AI",4,"Mytilus","After","Control","Day","After_Control",-67.6848962597678,116.650504837116,1.06666666666667,-1.8023264,0.221748,-0.290565,0.131101750573831,-189.951754144114,1.58,2.552,0.231796656625131,11.0096497385084,1.333388001,0.230446656625131,0.230446656625131,65.0796918597678,2.8180723838324,14.2,514.190536743956,34.7,0.35,7.89030923278825,13.85,7.1260048,11.198274,2.1856945,0.0325738773670224,103.330536743956,0.0384490498776037,0.001294147431324,7.28300355831579
"17","12","N_12_4_AI",4,"Mytilus","After","Control","Night","After_Control",19.2560800357219,-31.8947228130769,1.13333333333333,-0.719416,-1.773984,0.0258280000000002,-0.0350359859864788,220.622425010543,0.83,2.552,0.231796656625131,11.0096497385084,1.333388001,0.230446656625131,0.230411656625131,-18.1498560357219,-0.739579622641245,10.75,2507.0940315409,35.5,0.3,7.27463008950191,1.815,6.6375592,19.846446,2.240579,0.0217280161264657,2096.2340315409,0.0426901369115169,0.0194440795800191,-1.87918943405332
"18","12","D_12_4_BC",4,"Mytilus","Before","Control","Day","Before_Control",-33.1356535426028,59.370718532602,1.11666666666667,0.8405808,-0.997866,0.264737,0.00816779258903111,-15.4316005363372,-0.0800000000000001,2.552,0.231796656625131,11.0096497385084,1.333388001,0.230446656625131,0.230446656625131,35.5035743426028,1.46853366027598,19.05,333.754811826236,34.65,0.55,8.0342915817792,11.72,3.0783432,12.916821,1.6239355,0.0912050564939626,-77.105188173764,0.0333423582429605,-0.00234476234733622,3.4453108715622
"19","12","D_12_5_BC",5,"Mytilus","Before","Control","Day","Before_Control",-68.3523971092688,72.816188685963,1.06666666666667,4.9829024,8.426424,0.639243,-0.0270205002817381,10.6964859786596,1.66,2.552,0.231796656625131,11.0096497385084,1.333388001,0.230046656625131,0.230046656625131,66.1873615092689,2.86106180096099,22.55,331.387254547397,34.65,1.3,8.02486522793285,12.51,5.9900848,16.6311,2.0759255,0.554374836657193,-79.4727454526028,0.0303031868287114,-0.0133508841976559,3.44749744901514
"20","12","N_12_4_BC",4,"Mytilus","Before","Control","Night","Before_Control",-58.122708981389,54.0565149303229,0.883333333333333,-0.8027168,-1.219614,-0.0581130000000001,-0.0190736824068898,51.8545289398674,0.94,2.552,0.231796656625131,11.0096497385084,1.333388001,0.230446656625131,0.230446656625131,58.423380181389,3.05490311011684,15.15,1809.71852649821,33.35,4.75,7.41522046356827,3.6,2.6807712,14.358183,1.0557195,6.15499172033934,1398.85852649821,0.03763512663022,3.24037034558611,-0.642145715746332
"21","13","D_13_4_AI",4,"Mytilus","After","Control","Day","After_Control",-71.1843621680971,92.3255010455423,1.05,-0.681552,0.332622000000001,0.0645699999999998,0.0553768960276351,-126.448165630102,1.42,4.16,0.277221869450486,15.0060311195723,1.177813001,0.275871869450486,0.275871869450486,70.2993281680971,2.27102335688549,14.35,741.040790206917,34.75,0.35,7.74218016184747,11.45,9.27668,17.130033,2.64737,0.0327067029972017,330.180790206917,0.0382617817970591,0.00413193765905617,3.69000467993541
"22","13","N_13_4_AI",4,"Mytilus","After","Control","Night","After_Control",26.0633295785624,-40.0791119427072,1.11666666666667,0.0908736000000001,-1.773984,0.0968549999999997,-0.0371491282651037,259.555527011817,-0.12,4.16,0.277221869450486,15.0060311195723,1.177813001,0.275871869450486,0.275871869450486,-24.0047619785624,-0.729178033476211,10.55,2539.24659231872,35.5,0.2,7.27226941537223,1.5,5.9370752,26.720634,2.6764265,0.00960141886150911,2128.38659231872,0.0429697462869439,0.00878109589702869,-1.71452060552793
"23","13","D_13_4_BC",4,"Mytilus","Before","Control","Day","Before_Control",-24.2193163831812,12.4570050062737,1.06666666666667,1.7493168,7.76118,0.535931,-0.0887151498748349,322.133502890474,-0.99,4.16,0.277221869450486,15.0060311195723,1.177813001,0.275871869450486,0.275871869450486,19.2793151831812,0.613087702587829,18.35,1560.12248287585,35.25,0.55,7.43767310323103,7.125,7.3796936,29.270736,2.5795715,0.0896320054225911,1149.26248287585,0.0338994667580251,0.0349200783756231,0.144264818748383
"24","13","D_13_5_BC",5,"Mytilus","Before","Control","Day","Before_Control",-24.5892897532026,-3.64212795438925,0.966666666666667,3.332032,13.637502,0.187253,-0.119584210058306,552.167037849298,-0.76,4.16,0.277221869450486,15.0060311195723,1.177813001,0.275471869450486,0.275471869450486,14.6583257532026,0.513614397638675,20.05,1997.27275324574,36.15,1.3,7.33352342326446,6.25,9.920368,39.970077,2.9411635,0.522173494452089,1586.41275324574,0.0321620063634263,0.266424493794771,-1.0352725909585
"25","13","N_13_4_BC",4,"Mytilus","Before","Control","Night","Before_Control",-47.2613248432424,38.2228124906899,0.883333333333333,0.1211648,-5.432826,0.109769,-0.0326394971331352,186.164190274255,0.64,4.16,0.277221869450486,15.0060311195723,1.177813001,0.275871869450486,0.275871869450486,53.0348536432424,2.03655658259269,15.1,1958.32862536536,33.3,4.75,7.38197955285374,2.76,2.4157232,17.351781,1.2300585,6.14678511637447,1547.46862536536,0.0377026676566953,3.58626157850932,-2.68727992404914
"26","14","D_14_4_AI",4,"Mytilus","After","Control","Day","After_Control",61.3284231003395,-55.1515247296979,1,-4.316496,-3.88059,-0.781297,0.0129348511215115,-63.4690915185454,0.56,0.583,0.0435573929913782,13.3846394368781,0.904763001,0.0422073929913782,0.0422073929913782,-63.3269231003395,-2.34506021425911,13.35,1721.6200881971,35.05,0.4,7.44858169427503,6.69,11.245608,19.125765,2.7216255,0.0415665915899622,1310.7600881971,0.0393959054736219,0.0214643978730928,-1.76103801919185
"27","14","N_14_4_AI",4,"Mytilus","After","Control","Night","After_Control",118.861903597564,-137.037375806893,1.06666666666667,-3.0897024,-7.872054,-0.949179,-0.039576429459899,358.753679038509,0.48,0.583,0.0435573929913782,13.3846394368781,0.904763001,0.0422073929913782,0.0422073929913782,-115.977909997564,-4.02635594911104,10.8,2447.946124108,35.55,0.2,7.30957096386993,1.16,5.035912,24.115095,2.5150015,0.00967079147332882,2037.086124108,0.042608459159924,0.00839396663528416,-5.49697501444435
"28","14","D_14_4_BC",4,"Mytilus","Before","Control","Day","Before_Control",-23.3325820383466,17.8111574463774,1.05,5.8083376,12.528762,1.207459,-0.0479659612379981,186.60229379451,-0.399999999999999,0.583,0.0435573929913782,13.3846394368781,0.904763001,0.0422073929913782,0.0422073929913782,19.0270756383466,0.671039919872656,15.05,1498.1455305221,36.65,0.55,7.50705133294654,6.23,9.5909512,22.562859,3.0057335,0.0823012014108157,1087.2855305221,0.0370590685759478,0.0331622724715998,0.552112534399002
"29","14","D_14_5_BC",5,"Mytilus","Before","Control","Day","Before_Control",-16.9911647589415,8.41130867789843,0.866666666666667,-1.8932,3.991464,-0.426162,-0.0733900372600527,382.878329286011,1.77,0.583,0.0435573929913782,13.3846394368781,0.904763001,0.0418073929913782,0.0418073929913782,10.2541767589415,0.433989154282986,18.8,1782.88584206236,35.35,0.8,7.44637333369752,6.915,11.54852,30.822972,3.396382,0.191772433850644,1372.02584206236,0.0334506688629448,0.0880143077606463,0.189982848578751
"30","14","N_14_4_BC",4,"Mytilus","Before","Control","Night","Before_Control",-7.40413719447588,-2.69834610065527,0.866666666666667,-1.3025216,-8.759046,-0.587587,-0.0310242294465075,188.94373580672,-1.74,0.583,0.0435573929913782,13.3846394368781,0.904763001,0.0422073929913782,0.0422073929913782,13.6854875944759,0.584754797303521,15.05,2076.88498986034,33.3,4.75,7.36530785731654,2.73,2.8246544,18.904017,1.2946285,6.13858134489761,1666.02498986034,0.0377598276929645,3.86170887699116,-4.6770540447511
"31","15","D_15_4_AI",4,"Mytilus","After","Removal","Day","After_Removal",-27.6757940889488,194.522707334744,1,-1.3176672,-0.055437,0.019371,0.212700214751193,-40.9212396794997,-0.490000000000002,1.504,0.108999647894827,13.7982097102846,0.879363001,0.107649647894827,0.107649647894827,26.4523058889488,0.968442748502488,14.4,55.2027128160638,34.85,0.4,8.67590332983105,31.265,2.0598016,2.5223835,1.6497635,0.0427768342214041,-355.657287183936,0.0381818016022431,-0.00580893837002908,13.2806692976021
"32","15","N_15_4_AI",4,"Mytilus","After","Removal","Night","After_Removal",0.24285356957671,-19.2880222388594,1.06666666666667,-1.1283472,-1.8959454,-0.355135,-0.0575197626554003,260.653572618162,-0.45,1.504,0.108999647894827,13.7982097102846,0.879363001,0.107649647894827,0.107649647894827,-0.185525369576709,-0.00636773523110195,10.5,1906.00424905874,35.55,0.45,7.40187306597513,2.415,2.6921304,4.7842131,1.0880045,0.0485371035671762,1495.14424905874,0.0430277360201444,0.0312252156655544,-1.34889223674718
"33","15","D_15_4_BC",4,"Mytilus","Before","Removal","Day","Before_Removal",5.15604593226317,-38.1905060503107,1.03333333333333,1.2419392,2.882724,0.400334,-0.119102115901528,132.421981059974,-1.36,1.07,0.0721062491110847,14.8392131499115,0.879363001,0.0707562491110847,0.0707562491110847,-5.99616273226317,-0.196272581380686,18.4,451.932612378952,35.05,0.55,7.94034059444965,8.47,3.066984,13.083132,1.439911,0.0897441377049897,41.0726123789523,0.0338882420568512,0.00124912947457764,-2.30515859498775
"34","15","D_15_5_BC",5,"Mytilus","Before","Removal","Day","Before_Removal",-98.8900363187302,-39.062152184365,0.866666666666667,-1.7720352,-5.155641,-0.677985,-0.410122186466346,858.571323820745,1.41,1.07,0.0721062491110847,14.8392131499115,0.879363001,0.0703562491110847,0.0703562491110847,100.91767211873,3.91633351375986,18.5,947.429264819312,35.35,0.8,7.67572844326572,8.495,2.801936,11.9466735,1.3010855,0.19034658680895,536.569264819312,0.0337365028902386,0.0344564830935389,-6.98257645223724
"35","15","N_15_4_BC",4,"Mytilus","Before","Removal","Night","Before_Removal",48.6607510237989,-57.7720305185355,0.85,-0.227184,1.5189738,-2.879822,-0.0194551147051722,122.286374217918,-0.32,1.07,0.0721062491110847,14.8392131499115,0.879363001,0.0707562491110847,0.0707562491110847,-56.1665528237989,-2.23504106607354,15.05,1797.97289589534,33.3,4.5,7.43046811441455,3.06,0.8784448,7.9219473,2.563429,5.50941926799675,1387.11289589534,0.0377598276929645,2.88567646024006,-5.24849138452629
"36","16","D_16_4_AI",4,"Mytilus","After","Removal","Day","After_Removal",70.6806246840279,-51.6062909736884,1.01666666666667,1.438832,1.6963722,0.380963,0.0259672120509435,-33.2823607256553,0.569999999999999,7.54,0.868831168831169,8.67832585949178,1.771538001,0.867481168831169,0.867481168831169,-70.1762388840279,-4.06205549048429,14.2,682.515716154694,34.75,0.4,7.80942113596713,9.665,16.243656,6.0592641,1.7207905,0.0425454724793763,271.655716154694,0.0384382455207339,0.00444258509598473,-1.91670606430251
"37","16","N_16_4_AI",4,"Mytilus","After","Removal","Night","After_Removal",-2.66263884051295,-13.8738147377971,0.933333333333333,3.899992,-3.0712098,-0.749012,-0.0527941962630134,197.284766068979,0.27,7.54,0.868831168831169,8.67832585949178,1.771538001,0.867481168831169,0.867481168831169,8.13581664051295,0.512977980755154,10.75,1584.38793387863,35.5,0.5,7.46051650549853,3.455,11.681044,10.1061651,1.736933,0.0603556003512937,1173.52793387863,0.0426901369115169,0.0302369898064533,-2.29275328589846
"38","16","D_16_4_BC",4,"Mytilus","Before","Removal","Day","Before_Removal",-44.0276743905881,26.1371600505965,1.05,3.59708,4.102338,0.852324,-0.0925672140396454,261.829535702256,-1.04,6.88,0.669,10.2840059790732,1.771538001,0.66765,0.66765,45.2270643905881,2.13803668880155,18.2,1225.13967360587,34.75,0.4,7.52868862906085,7.25,16.906276,16.908285,1.672363,0.0472308408288383,814.279673605868,0.0341383759818517,0.0131293168185711,0.320018356320596
"39","16","D_16_5_BC",5,"Mytilus","Before","Removal","Day","Before_Removal",261.025742632619,-264.529845150046,1.1,4.581544,3.104472,0.148511,-0.042817831084518,405.037027423532,-0.630000000000001,6.88,0.669,10.2840059790732,1.771538001,0.66725,0.66725,-259.251648632619,-11.6916181810761,20.35,1558.57295516876,34.8,1.25,7.46099610649877,6.415,20.995588,20.51169,2.1727805,0.486301813588396,1147.71295516876,0.0321305136522131,0.179331607536063,-12.3470174139632
"40","16","N_16_4_BC",4,"Mytilus","Before","Removal","Night","Before_Removal",80.7044964094669,-69.7028066861776,0.866666666666667,0.6701928,5.987196,-0.019371,0.0432881176836073,-155.069311627046,0.59,6.88,0.669,10.2840059790732,1.771538001,0.66765,0.66765,-86.0602416094669,-4.92897392758023,15.2,1863.80506275556,33.3,4.75,7.39787919928401,3.445,3.8299436,19.070328,1.1654885,6.16320113216017,1452.94506275556,0.037588756586318,3.36599521417619,-6.42127302491647
"41","17","D_17_4_AI",4,"Mytilus","After","Removal","Day","After_Removal",-18.1652244419813,100.246788363455,1.06666666666667,-0.0984463999999998,0.8759046,0.832953,0.133341231485689,-79.7756769203182,2.71,1.453,0.100739304729043,14.423367362998,1.086199,0.0993893047290434,0.0993893047290434,18.8567794419813,0.618526731995858,14.9,204.017690620981,35.1,0.85,8.24032526608434,19.905,3.5099928,8.1215205,2.3729475,0.195783082918469,-206.842309379019,0.0375518965899402,-0.0152071005379088,5.97312875839637
"42","17","N_17_4_AI",4,"Mytilus","After","Removal","Night","After_Removal",11.2051896783282,-40.3383286594481,1.85,3.0897024,8.1159768,1.136432,-0.0967764411795971,517.189001339662,-0.41,1.453,0.100739304729043,14.423367362998,1.086199,0.0993893047290434,0.0993893047290434,-13.9586000783282,-0.263991420282669,12,2170.00633123338,35.65,0.5,7.35333458699221,1.435,5.641736,11.2426236,2.13081,0.0625451318878082,1759.14633123338,0.0409690681514429,0.045076643023899,-1.3068790150815
"43","17","D_17_4_BC",4,"Mytilus","Before","Removal","Day","Before_Removal",-122.755345428329,100.748459017506,1.06666666666667,1.8704816,10.1671458,1.020206,-0.0486716821952617,27.0744798711757,-0.57,1.107,0.0815079175204978,13.5815026769836,1.086199,0.0801579175204978,0.0800079175204978,116.499093228329,4.03761407037436,17.1,399.782181699248,34.35,3.65,7.94769088767085,10.125,2.2680536,14.0976291,1.446368,3.82450702604494,-11.0778183007517,0.0353189045498997,-0.0149636287826559,2.96080984853011
"44","17","D_17_5_BC",5,"Mytilus","Before","Removal","Day","Before_Removal",-90.4770991700391,-42.7322268150708,0.966666666666667,0.817862400000001,2.660976,0.439076,-0.479346832749853,914.702611434564,-0.41,1.107,0.0815079175204978,13.5815026769836,1.086199,0.0797579175204978,0.0797579175204978,89.5121375700391,3.41253416697445,17.45,870.670727352118,34,3,7.68368163019829,9.635,3.6122256,20.51169,2.176009,2.60685030378267,459.810727352118,0.0350283594376049,0.41987013959039,-7.09062577230135
"45","17","N_17_4_BC",4,"Mytilus","Before","Removal","Night","Before_Removal",95.7711508937696,-115.177489600741,1.03333333333333,-0.39302832,1.66311,-0.161425,-0.0521868397377299,410.14629003131,0.83,1.107,0.0815079175204978,13.5815026769836,1.086199,0.0801579175204978,0.0801579175204978,-98.1501392137696,-3.51799261792479,14.6,2486.37139377567,33.5,4.65,7.32005727968603,2.945,0.85610504,30.324039,2.7345395,5.81220383363509,2075.51139377567,0.0382375672924428,4.61271065024463,-9.3513249289033
"46","18","D_18_4_AI",4,"Phyllospadix","After","Control","Day","After_Control",-45.3862632322985,79.0077005533071,1.08333333333333,-1.0071824,1.4746242,-0.103312,0.0863589647306959,-195.384421610002,1.33,5.038,0.361621621621622,13.9316890881913,1.615963001,0.360271621621622,0.360271621621622,42.6978326322985,1.44165470446911,14.4,843.771111022173,35.7,0.7,7.73314146751014,8.735,4.6231944,9.2746101,1.510938,0.13100405480305,432.911111022173,0.038000032331748,0.0215510004833553,3.87204511083726
"47","18","N_18_4_AI",4,"Phyllospadix","After","Control","Night","After_Control",20.2386086469423,-45.2525876515015,1.85,-0.719415999999999,0.376971600000001,-0.0387420000000001,-0.0799599243717539,442.269260110512,-0.94,5.038,0.361621621621622,13.9316890881913,1.615963001,0.360271621621622,0.360271621621622,-21.4124802469423,-0.423362879310833,12.3,2217.54630753958,35.65,0.5,7.33776687489463,1.62,4.2597,8.7368712,1.35597,0.0630759226492701,1806.68630753958,0.0405800457020412,0.0462443731492203,-1.41233003818824
"48","18","D_18_4_BC",4,"Phyllospadix","Before","Control","Day","Before_Control",-14.1619290342101,3.90113254332118,1.03333333333333,0.0454367999999998,0.820467600000001,0.0581130000000001,-0.035405776441479,38.5115699671825,-0.140000000000001,5.038,0.361621621621622,13.9316890881913,1.615963001,0.360271621621622,0.360231621621622,13.5031242342101,0.477928723347482,15.75,470.120907562307,34.75,3.55,7.94750641112154,9.44,1.2267936,8.8477452,1.1525745,3.49305461776894,59.2609075623069,0.036674601942721,0.0759170079790384,-0.277692855340205
"49","18","D_18_5_BC",5,"Phyllospadix","Before","Control","Day","Before_Control",-41.7080203606272,18.5240454460757,1.1,0.0833008000000002,5.931759,0.251823,-0.0600552431318464,72.0766571875141,-0.729999999999999,5.038,0.361621621621622,13.9316890881913,1.615963001,0.359871621621622,0.359871621621622,36.3632081606272,1.20782657998813,16.2,525.415021139655,34.8,2.75,7.89977590133488,9.005,1.2911624,12.2238585,1.3075425,2.12100100717875,114.555021139655,0.0361764908112032,0.0878984955224662,-0.0651496895410018
"50","18","N_18_4_BC",4,"Phyllospadix","Before","Control","Night","Before_Control",19.0616671493497,-35.8216553153002,1,-0.0151455999999999,2.328354,0.0903980000000001,-0.0594553977475636,277.57437907924,-0.25,5.038,0.361621621621622,13.9316890881913,1.615963001,0.360271621621622,0.360271621621622,-21.2243707493497,-0.776340695963215,14.7,1802.51291796678,33.4,4.9,7.41840927236276,3.865,0.8254352,13.360317,0.981464,6.47137888979587,1391.65291796678,0.0381424210854142,3.43507337929121,-5.27928705890463
"51","18","N_18_5_BC",5,"Phyllospadix","Before","Control","Night","Before_Control",14.4591980914092,-23.6710558223936,1,0.2953392,1.66311,-0.019371,-0.0309604682210347,168.321554961238,-0.04,5.038,0.361621621621622,13.9316890881913,1.615963001,0.359871621621622,0.359871621621622,-15.8657108914092,-0.579688402751559,14.7,2025.46088498702,33.4,4.15,7.37320133937846,3.72,0.965532,15.356049,1.0169775,4.64195430776799,1614.60088498702,0.0381424210854142,2.85873766565177,-4.00879672080407
"52","19","D_19_4_AI",4,"Mytilus","After","Control","Day","After_Control",-48.7354674252811,84.0568044684012,1.08333333333333,-0.530096,1.884858,0.232452,0.102225530275085,-231.529744870246,0.93,5.4395,0.649514563106796,8.37471599402093,1.070324,0.648164563106796,0.648164563106796,46.7854174252811,2.63220883597049,13.45,834.038504907956,35.55,0.85,7.72195573349195,11.295,7.989304,13.803813,2.479488,0.188217398030696,423.178504907956,0.0391627121861215,0.0311929268031428,6.79488997090712
"53","19","N_19_4_AI",4,"Mytilus","After","Control","Night","After_Control",9.59681809502081,-29.9088409929823,1.85,-2.0295104,4.0690758,0.0129140000000003,-0.0620923457946176,334.357268332424,-0.29,5.4395,0.649514563106796,8.37471599402093,1.070324,0.648164563106796,0.648164563106796,-15.6695762950208,-0.516246909966257,11.75,2298.57755475844,35.7,0.45,7.33696727694199,1.065,5.263096,12.7117041,2.137267,0.0503044805744747,1887.71755475844,0.0412858991026263,0.0392053585852491,-1.4937005353984
"54","19","D_19_4_BC",4,"Mytilus","Before","Control","Day","Before_Control",-79.1012059250208,66.2113490140821,1.08333333333333,0.908736,1.10874,0.684442,-0.0322796190361814,23.4193056843697,0.149999999999999,5.4395,0.649514563106796,8.37471599402093,1.070324,0.648164563106796,0.648164563106796,80.2700859250209,4.51610012400528,15.55,476.572933182108,34.6,3.7,7.92096481367778,10.035,3.0442656,12.972258,1.704648,3.77449221835097,65.7129331821085,0.0369257569578596,0.0915880461168689,2.84258618917929
"55","19","D_19_5_BC",5,"Mytilus","Before","Control","Day","Before_Control",-121.722458907532,93.9891984975309,0.983333333333333,1.1132016,6.09807,-0.251823,-0.0684895486279107,57.7456225948375,-0.299999999999999,5.4395,0.649514563106796,8.37471599402093,1.070324,0.647764563106796,0.647764563106796,116.233944507532,7.20005903881895,15.9,517.155397321712,34.55,3.05,7.87058022984574,9.96,4.0552344,16.575663,1.9209575,2.58858528659829,106.295397321712,0.0365513909506221,0.100572870678941,4.34360473859491
"56","19","N_19_4_BC",4,"Mytilus","Before","Control","Night","Before_Control",100.684473130717,-125.432905216237,1.01666666666667,-0.9996096,0.776118000000004,0.0516559999999999,-0.0700841380475694,492.6172472562,0.0600000000000001,5.4395,0.649514563106796,8.37471599402093,1.070324,0.648164563106796,0.648164563106796,-102.356888730717,-6.13635437357403,14.5,2404.50527215129,33.4,4.65,7.34505818692358,3.1,3.02912,37.530849,3.002505,5.79653991843049,1993.64527215129,0.0383761686880191,4.43484384617761,-13.3380391513497
"57","19","N_19_5_BC",5,"Mytilus","Before","Control","Night","Before_Control",218.4377400866,-249.933966712652,0.866666666666667,-0.8102896,4.65670799999999,0.891066,-0.0691411563870323,787.875866736253,0.0300000000000002,5.4395,0.649514563106796,8.37471599402093,1.070324,0.647764563106796,0.647764563106796,-222.1226056866,-15.6114955212779,14.5,3044.75182914751,33.45,4.25,7.27544553970628,3.145,2.1241704,40.247262,3.473866,4.84217839179793,2633.89182914751,0.0383654043181698,4.89303699984011,-24.4138774232883
"58","2","D_2_4_AI",4,"Phyllospadix","After","Removal","Day","After_Removal",-50.0816062607209,179.173753595688,0.966666666666667,1.8326176,1.5633234,-0.0322850000000001,0.22265518228382,-130.484533162441,1.4,2.486,0.255762678851611,9.71994823936895,0.940149,0.254412678851611,0.254412678851611,50.2863304607209,2.72305533395949,12.9,202.588405629999,34.85,0.7,8.27880718167485,19.92,4.5891168,4.5292029,1.3785695,0.125720304078645,-208.271594370001,0.0399997941896632,-0.0104735333807432,16.692295865545
"59","2","N_2_4_AI",4,"Phyllospadix","After","Removal","Night","After_Removal",20.3021991475198,-59.3890841307375,1.11666666666667,-0.4846592,-0.9756912,-0.0581130000000001,-0.131690580547462,424.203279335083,-0.94,2.486,0.255762678851611,9.71994823936895,0.940149,0.254412678851611,0.253912678851611,-19.9273931475198,-0.932300329993303,11,1293.54147176767,35.45,0.65,7.57711320667635,3.13,1.2949488,3.7808034,0.7651545,0.102735898680312,882.681471767669,0.0423566378294205,0.0384103013328738,-4.66313013179923
"60","2","D_2_4_BC",4,"Phyllospadix","Before","Removal","Day","Before_Removal",-82.7543027735633,205.778401454042,1.33333333333333,0.056796,0.3658842,-0.0258280000000001,0.1517652185017,-62.1640728619697,2.67,1.985,0.205289249957963,9.66928370777556,0.940149,0.203939249957964,0.203939249957964,82.3935585735633,3.24743501055563,15.75,116.243985834407,35.1,0.15,8.45344345306284,14.595,0.41991176,4.0302699,0.800668,0.00623636015868289,-294.616014165593,0.0366032073960195,-0.00067252228616366,12.9742139294779
"61","2","D_2_5_BC",5,"Phyllospadix","Before","Removal","Day","Before_Removal",48.4917885108812,7.79853146177379,0.766666666666667,0.1098056,1.6963722,0.297022,0.0373853738111443,-11.1713761034531,-1.1,1.985,0.205289249957963,9.66928370777556,0.940149,0.203539249957963,0.203539249957963,-49.4843111108812,-3.38527726150381,18,79.5762613516955,35.15,0.25,8.54801874921926,15.38,0.50321256,5.0613981,0.936265,0.0183570253578878,-331.283738648305,0.034259405587836,-0.00208344600683822,4.45437328737699
"62","2","N_2_4_BC",4,"Phyllospadix","Before","Removal","Night","Before_Removal",43.569087788213,-76.3316565303978,0.85,-0.11207744,0.0221748000000002,0.00645700000000005,-0.115854213807351,302.092035282876,-0.84,1.985,0.205289249957963,9.66928370777556,0.940149,0.203939249957964,0.203939249957964,-43.690426028213,-2.70117858852334,15.35,991.53122693265,33.1,5,7.68065126792894,3.87,0.1779608,5.876322,0.6618425,6.8563390303853,580.67122693265,0.0374607002978629,1.49141491818154,-8.22870855299081
"63","20","D_20_4_AI",4,"Phyllospadix","After","Control","Day","After_Control",19.1041712179772,20.6664210119161,1.08333333333333,-1.0299008,1.3194006,0.12914,0.0926819037608819,-135.82952482054,-2,4.6465,0.355851063829787,13.0574289985052,1.006824,0.354501063829787,0.354501063829787,-21.1951926179772,-0.76350608177536,12.85,584.88264938367,35.7,0.6,7.9070049033397,12.25,3.6046528,5.8375161,1.336599,0.0922375015915416,174.02264938367,0.0398702366623697,0.00639973690873458,2.24602304550984
"64","20","N_20_4_AI",4,"Phyllospadix","After","Control","Night","After_Control",-35.0547227440306,-17.4376814856359,2.56666666666667,-0.393785600000001,0.9535164,0.0129139999999999,-0.171716669694637,764.301175180565,-1.89,4.6465,0.355851063829787,13.0574289985052,1.006824,0.354501063829787,0.354501063829787,33.7332487440306,0.512892014875719,11.6,1927.04622168251,35.75,1,7.42160853965498,1.905,4.1574672,2.9825106,1.278486,0.247361880829989,1516.18622168251,0.0414731132782762,0.155543532569847,-1.1986926631947
"65","20","D_20_4_BC",4,"Phyllospadix","Before","Control","Day","Before_Control",-62.0105547587741,84.9641348489642,1,0.17871808,0.5987196,0.426162,0.0388290597414471,-17.4231845566771,1.76,4.6465,0.355851063829787,13.0574289985052,1.006824,0.354501063829787,0.354421063829787,62.4428772387741,2.4362515454739,15.25,107.539660977001,34.7,3.55,8.45859760175712,16.43,0.73607616,7.151373,1.220373,3.44710189303086,-303.320339022999,0.0372396906205192,-0.389369310368812,4.58298538115231
"66","20","D_20_5_BC",5,"Phyllospadix","Before","Control","Day","Before_Control",-36.8935552468211,14.5896982144263,0.966666666666667,0.2347568,0.2328354,-0.109769,-0.0284782344307519,7.58001072163788,0.530000000000001,4.6465,0.355851063829787,13.0574289985052,1.006824,0.354101063829787,0.354101063829787,36.6759386468211,1.47894295331376,15.6,102.618074059481,34.75,2.85,8.46377301441247,17.575,0.9428136,7.5671505,1.3785695,2.24243089162739,-308.241925940519,0.0368396240070474,-0.254639613372404,-0.0476555342514307
"67","20","N_20_4_BC",4,"Phyllospadix","Before","Control","Night","Before_Control",73.3182626873172,-79.4365417738954,1.01666666666667,0.20522288,-5.1223788,0.154968,-0.0229828562341057,113.590776846253,-0.74,4.6465,0.355851063829787,13.0574289985052,1.006824,0.354501063829787,0.354501063829787,-67.6807250073172,-2.59790734043394,14.4,1249.80315188939,33.4,4.65,7.58746160213172,3.51,0.58802792,12.5176746,1.317228,5.78088811220194,838.943151889392,0.0384938875624235,1.86689060679645,-5.36728599437788
"68","20","N_20_5_BC",5,"Phyllospadix","Before","Control","Night","Before_Control",26.6959818946698,-47.1198927640603,0.8,-0.28246544,5.3441268,0.0710269999999997,-0.0793778790787201,300.058881036721,0.17,4.6465,0.355851063829787,13.0574289985052,1.006824,0.354101063829787,0.354101063829787,-32.1805201346698,-1.56801423273041,14.65,1456.62798083088,33.5,4.6,7.53628123447531,3.225,0.54940664,12.6285486,1.4302255,5.69555102101425,1045.76798083088,0.0381792399857329,2.27404139521161,-5.29791456452336
"69","21","D_21_4_AI",4,"Phyllospadix","After","Removal","Day","After_Removal",-178.660355622937,239.28167787092,1.06666666666667,-0.0227184,0.831555,0.154968,0.128230808811198,-24.9639163729954,1.56,2.735,0.0914458442363524,29.9084121628433,1.108424,0.0900958442363524,0.0900958442363524,178.116018222937,2.81363216983389,17.6,43.2424488979483,34.9,0.6,8.67181987867479,22.38,1.0866968,5.6490303,1.136432,0.104672421681408,-367.617551102052,0.0347041331769113,-0.0133539489287501,4.75940824891904
"70","21","N_21_4_AI",4,"Phyllospadix","After","Removal","Night","After_Removal",-7.04386696441361,8.15609992958616,1.71666666666667,-0.454368,-1.1752644,0.32285,-0.00312837995509962,15.0504903472242,-0.73,2.735,0.0914458442363524,29.9084121628433,1.108424,0.0900958442363524,0.0900958442363524,8.41046336441361,0.0825518890227912,12.4,2189.33098429359,35.6,0.45,7.3731339460954,2.025,3.0594112,8.204676,1.168717,0.0512351503285733,1778.47098429359,0.0404631299770049,0.036870096386188,0.0406884453896063
"71","21","D_21_4_BC",4,"Phyllospadix","Before","Removal","Day","Before_Removal",-50.0528852473801,32.0496780176641,1.03333333333333,1.7947536,3.8916774,0.813582,-0.0352015148118632,9.88413752203977,0.32,2.1795,0.0545152465491942,39.9796412556483,1.108424,0.0531652465491942,0.0531652465491942,49.5831254473801,0.598701100756754,16.8,122.214007689146,34.45,3.15,8.40930871361885,11.5,2.6769848,7.7334615,1.155803,2.82657119841438,-288.645992310854,0.0356107716776894,-0.29054061142848,0.465819663594453
"72","21","D_21_5_BC",5,"Phyllospadix","Before","Removal","Day","Before_Removal",51.0682042085371,-106.709992672073,0.866666666666667,-0.37864,2.0733438,-0.374506,-0.0969262724689557,48.0435121189646,-0.68,2.1795,0.0545152465491942,39.9796412556483,1.108424,0.0527652465491942,0.0527652465491942,-54.2692000085371,-0.775421900577845,17.45,151.177832509648,34.25,2.75,8.34324481997844,11.32,3.3850416,10.7159721,1.375341,2.19047838026183,-259.682167490352,0.0349801742745012,-0.198977086457238,-2.07503845871354
"73","21","N_21_4_BC",4,"Phyllospadix","Before","Removal","Night","Before_Removal",42.6243536361744,-53.5265875481914,1.03333333333333,-0.07799984,0.964603800000001,0.348678,-0.0347065825259092,172.363532376092,-0.35,2.1795,0.0545152465491942,39.9796412556483,1.108424,0.0531652465491942,0.0531652465491942,-42.9696012761744,-0.518844815670727,14.65,1653.00686960066,33.3,4.65,7.48075976155675,3.535,0.43430008,9.4076589,1.065405,5.82004026237622,1242.14686960066,0.0382220674585538,2.76320504353855,-3.53699463103243
"74","21","N_21_5_BC",5,"Phyllospadix","Before","Removal","Night","Before_Removal",13.6482069811418,-26.9103958968981,0.866666666666667,2.78906224,4.9671552,-0.316393,-0.0454076763850306,221.62371691263,-0.56,2.1795,0.0545152465491942,39.9796412556483,1.108424,0.0527652465491942,0.0527652465491942,-16.4590859411418,-0.235174568636475,14.6,1850.00049424502,33.35,4.6,7.44070263210129,3.08,1.78983128,12.3735384,1.0815475,5.68788221157214,1439.14049424502,0.0382697422632446,3.13263160343206,-3.66647188404313
"75","22","D_22_4_AI",4,"Phyllospadix","After","Removal","Day","After_Removal",-104.559322053944,226.166244511332,1.08333333333333,-0.8178624,2.0955186,0.0322849999999999,0.174416507585967,-61.4168231261402,2.26,4.235,0.151046055317357,28.037806026129,1.140174,0.149696055317357,0.149696055317357,101.710511053944,1.69748642503716,17.55,98.9223630610147,35.15,0.7,8.45619251771356,21.13,1.6584432,4.7176887,1.1138325,0.142289986724575,-311.937636938985,0.0347065956038887,-0.0154047314684794,5.86707179865997
"76","22","N_22_4_AI",4,"Phyllospadix","After","Removal","Night","After_Removal",-45.9059207942728,35.7965527754927,1.98333333333333,-0.742134399999999,-2.4835776,0.380963,-0.0378630652711038,164.139395351958,-0.65,4.235,0.151046055317357,28.037806026129,1.140174,0.149696055317357,0.149696055317357,48.4092899942728,0.441301680900796,12.5,1689.62247303265,35.65,0.5,7.48595220423618,1.985,2.27184,5.8097976,1.4237685,0.0634308253533408,1278.76247303265,0.0403238619935696,0.0327078776845055,0.17863702690058
"77","22","D_22_4_BC",4,"Phyllospadix","Before","Removal","Day","Before_Removal",45.6298613072922,-91.7186908621613,1.3,1.2419392,3.7031916,0.613415,-0.0877604532352141,77.2949555784442,-0.460000000000001,4.032,0.0983513354802234,40.9958846040353,1.140174,0.0970013354802234,0.0970013354802234,-46.8642837072922,-0.443610134536005,16.7,283.299815688,34.9,3.6,8.15514268325693,10.76,3.5819344,6.9407124,1.1202895,3.68232670298476,-127.560184312,0.0356267130956252,-0.167345181454403,-1.12543485469723
"78","22","D_22_5_BC",5,"Phyllospadix","Before","Removal","Day","Before_Removal",51.6055353917022,-271.099931622285,0.916666666666667,-0.265048,2.4059658,0.484275,-0.560417380996387,1085.66904858201,1.23,4.032,0.0983513354802234,40.9958846040353,1.140174,0.0966013354802234,0.0966013354802234,-53.3079991917022,-0.712671166627724,16.75,864.781817768229,34.75,2.75,7.83105376614113,11.145,4.07038,9.9952911,1.6691345,2.1515118427835,453.921817768229,0.0356039582855359,0.347714724654543,-6.88367818965725
"79","22","N_22_4_BC",4,"Phyllospadix","Before","Removal","Night","Before_Removal",-26.0989632920214,5.10508556256673,1.03333333333333,0.073759072,2.439228,0.116226,-0.0682845643137187,295.208615716898,0.43,4.032,0.0983513354802234,40.9958846040353,1.140174,0.0970013354802234,0.0970013354802234,23.9659463640214,0.285401973626476,14.7,1660.26740564581,33.45,4.65,7.48919784109541,3.885,0.112304624,13.194006,1.962928,5.82787963534408,1249.40740564581,0.0381317352960717,2.77652263927892,-2.94033529838737
"80","22","N_22_5_BC",5,"Phyllospadix","Before","Removal","Night","Before_Removal",57.8519963967192,-70.516378971779,1.13333333333333,-0.00908735999999999,-1.219614,0.626329,-0.0419657882368352,240.284146102025,-0.379999999999999,4.032,0.0983513354802234,40.9958846040353,1.140174,0.0966013354802234,0.0966013354802234,-55.3888117567192,-0.598925261472349,14.7,1928.01378655527,33.45,4.15,7.43407266482013,3.91,0.14464048,13.803813,2.3342055,4.64195430776799,1517.15378655527,0.0381317352960717,2.68544978628129,-3.61152711555806
"81","23","D_23_4_AI",4,"Mytilus","After","Removal","Day","After_Removal",-90.6793823417029,147.885441658453,1.1,-2.08252,3.1266468,0.264737,0.123872799273499,-146.138258355578,1.91,2.194,0.0873604063827526,25.1143520370935,1.044463001,0.0860104063827526,0.0860104063827526,85.9996895417029,1.56770452803859,15.6,392.317341782246,35.35,0.7,7.99893807536626,14.345,9.030564,7.3509462,1.1525745,0.135277456066165,-18.5426582177545,0.0367166520024396,-0.000921001832525666,3.82487957756641
"82","23","N_23_4_AI",4,"Mytilus","After","Removal","Night","After_Removal",-47.6178553120749,16.1212761829993,1.7,-5.717464,10.754778,2.718397,-0.118365806440063,425.891075371652,-1.5,2.194,0.0873604063827526,25.1143520370935,1.044463001,0.0860104063827526,0.0860104063827526,36.5824073120749,0.431502557364533,12,1615.89091677237,35.65,0.35,7.47648160150245,3.06,9.447068,12.362451,2.8507655,0.030647114625026,1205.03091677237,0.0409690681514429,0.0151301721049622,-0.0663203109016764
"83","23","D_23_4_BC",4,"Mytilus","Before","Removal","Day","Before_Removal",-48.8872541088926,37.6668159523285,1.05,1.51456,3.9803766,0.284108,-0.0429690118503609,48.4282180490115,-0.69,1.59,0.0656288483227959,24.2271507215786,1.044463001,0.0642788483227959,0.0642788483227959,46.9896535088927,0.925400104607229,17.35,774.352442945096,34.4,3.15,7.68498971559873,8.445,5.831056,12.7560537,1.065405,2.86673668950932,363.492442945096,0.0350529432195049,0.365264680893642,0.192933105507605
"84","23","D_23_5_BC",5,"Mytilus","Before","Removal","Day","Before_Removal",-149.18973525662,104.008552261871,1.31666666666667,2.801936,3.88059,0.25828,-0.153222168543892,301.66663118875,0.17,1.59,0.0656288483227959,24.2271507215786,1.044463001,0.0638788483227959,0.0638788483227959,148.62764125662,2.3196867186797,17.45,949.399867563976,33.35,2.6,7.58689412540161,8.185,7.989304,16.686537,1.336599,1.95803422817454,538.539867563976,0.0351539517250518,0.370691212245615,0.556222166756317
"85","23","N_23_4_BC",4,"Mytilus","Before","Removal","Night","Before_Removal",125.968507137879,-135.767080240285,1.05,-0.321844,-6.763314,0,-0.0225285604390031,255.962406004005,0.17,1.59,0.0656288483227959,24.2271507215786,1.044463001,0.0642788483227959,0.0642788483227959,-119.527037137879,-2.35392952301409,14.6,2202.48576066625,33.3,4.95,7.33529315924349,2.535,1.296842,23.228103,0.910437,6.58635793426495,1791.62576066625,0.0382804732687437,4.51720630171964,-7.51078887443961
"86","23","N_23_5_BC",5,"Mytilus","Before","Removal","Night","Before_Removal",-70.8595040209898,67.8636189487961,0.866666666666667,0.2877664,11.309148,0.523017,-0.018150553723884,17.7076614712541,0.0600000000000001,1.59,0.0656288483227959,24.2271507215786,1.044463001,0.0638788483227959,0.0638788483227959,60.8841564209898,1.44363629119128,14.6,2339.32079440388,33.3,4.7,7.31495360216205,2.65,1.2798032,25.50102,1.1719455,5.93786947323386,1928.46079440388,0.0382804732687437,4.38347727244726,-2.60885814465459
"87","24","D_24_4_AI",4,"Mytilus","After","Removal","Day","After_Removal",-10.1265140881997,104.452027852533,1.1,3.1654304,1.6187604,0.167882,0.164442050340073,-128.749136877249,2.64,1.302,0.0734666193767893,17.7223344567199,1.412763001,0.0721166193767893,0.0721166193767893,12.0089480881997,0.30930169228297,14.1,272.455405301897,35.15,0.7,8.15300000464534,16.44,1.5827152,5.7876228,1.046034,0.129941669422261,-138.404594698103,0.0384699556312071,-0.00691863843820796,5.07813632885162
"88","24","N_24_4_AI",4,"Mytilus","After","Removal","Night","After_Removal",-30.3344302538048,2.19933030123912,1.7,-0.7118432,-0.0443496000000003,-0.142054,-0.102050965302842,308.328238724816,-1.16,1.302,0.0734666193767893,17.7223344567199,1.412763001,0.0721166193767893,0.0721166193767893,29.3828286538048,0.489682625475599,11.95,1448.13103731309,35.75,0.0999999999999999,7.51724099072688,3.7,3.3774688,6.3530802,1.136432,0.00249827418108604,1037.27103731309,0.0410111047635493,0.00106275662248524,-0.417439040568617
"89","24","D_24_4_BC",4,"Mytilus","Before","Removal","Day","Before_Removal",-98.8643346022898,90.8276431380248,1.05,1.1662112,4.656708,0.813582,-0.0230640108696205,27.8187329419094,-0.31,0.98,0.065976130581271,14.8538568625635,1.412763001,0.064626130581271,0.064626130581271,97.0010018022898,3.11612332137785,16.05,817.856888805454,34.65,3.5,7.69318756305836,9.075,2.5065968,16.852848,1.472196,3.42221921765098,406.996888805454,0.0363682702858228,0.50654911528466,2.21294022195857
"90","24","D_24_4_BC",4,"Mytilus","Before","Removal","Day","Before_Removal",-98.8643346022898,90.8276431380248,1.05,1.1662112,4.656708,0.813582,-0.0230640108696205,27.8187329419094,-0.31,0.98,0.065976130581271,14.8538568625635,1.412763001,0.064626130581271,0.064626130581271,97.0010018022898,3.11612332137785,16.05,817.856888805454,34.65,3.5,7.69318756305836,9.075,2.5065968,16.852848,1.472196,3.42221921765098,406.996888805454,0.0363682702858228,0.50654911528466,2.21294022195857
"91","24","D_24_5_BC",5,"Mytilus","Before","Removal","Day","Before_Removal",-84.1230311633528,62.2255738256983,1.35,1.6432976,15.411486,0.426162,-0.0660622809640579,121.49656584723,-0.65,0.98,0.065976130581271,14.8538568625635,1.412763001,0.064226130581271,0.064226130581271,71.2071667633528,1.76815876381532,16.4,892.514538200024,33.8,2.9,7.64862441714152,8.595,3.9113512,26.886945,2.092068,2.37101932850415,481.654538200024,0.036162907786011,0.412984825927382,0.909126637101111
"92","24","D_24_5_BC",5,"Mytilus","Before","Removal","Day","Before_Removal",-84.1230311633528,62.2255738256983,1.35,1.6432976,15.411486,0.426162,-0.0660622809640579,121.49656584723,-0.65,0.98,0.065976130581271,14.8538568625635,1.412763001,0.064226130581271,0.064226130581271,71.2071667633528,1.76815876381532,16.4,892.514538200024,33.8,2.9,7.64862441714152,8.595,3.9113512,26.886945,2.092068,2.37101932850415,481.654538200024,0.036162907786011,0.412984825927382,0.909126637101111
"93","24","N_24_4_BC",4,"Mytilus","Before","Removal","Night","Before_Removal",-65.0764259932712,63.5828690660655,1.05,1.5675696,-8.537298,0.0322849999999999,-0.0105363239993777,23.9256002435204,0.89,0.98,0.065976130581271,14.8538568625635,1.412763001,0.064626130581271,0.064626130581271,75.2458635932712,2.41724710078896,14.55,2186.04496190549,33.35,4.95,7.32929972381448,3.055,1.5865016,24.669465,1.1977735,6.57748110295527,1775.18496190549,0.0383282687928218,4.47530277593477,-2.80739493078369
"94","24","N_24_4_BC",4,"Mytilus","Before","Removal","Night","Before_Removal",-65.0764259932712,63.5828690660655,1.05,1.5675696,-8.537298,0.0322849999999999,-0.0105363239993777,23.9256002435204,0.89,0.98,0.065976130581271,14.8538568625635,1.412763001,0.064626130581271,0.064626130581271,75.2458635932712,2.41724710078896,14.55,2186.04496190549,33.35,4.95,7.32929972381448,3.055,1.5865016,24.669465,1.1977735,6.57748110295527,1775.18496190549,0.0383282687928218,4.47530277593477,-2.80739493078369
"95","24","N_24_5_BC",5,"Mytilus","Before","Removal","Night","Before_Removal",43.3226725423251,-45.5347436604502,0.866666666666667,-1.83716128,4.98933,-0.245366,-0.00367826189737741,31.4382331349875,0.18,0.98,0.065976130581271,14.8538568625635,1.412763001,0.064226130581271,0.064226130581271,-50.6398958223251,-1.95871852430879,14.6,2213.72687859475,33.3,4.7,7.3221924308661,3.59,1.45170576,22.895481,1.091233,5.93786947323387,1802.86687859475,0.0382804732687437,4.09799670830794,-5.66178724366652
"96","24","N_24_5_BC",5,"Mytilus","Before","Removal","Night","Before_Removal",43.3226725423251,-45.5347436604502,0.866666666666667,-1.83716128,4.98933,-0.245366,-0.00367826189737741,31.4382331349875,0.18,0.98,0.065976130581271,14.8538568625635,1.412763001,0.064226130581271,0.064226130581271,-50.6398958223251,-1.95871852430879,14.6,2213.72687859475,33.3,4.7,7.3221924308661,3.59,1.45170576,22.895481,1.091233,5.93786947323387,1802.86687859475,0.0382804732687437,4.09799670830794,-5.66178724366652
"97","25","D_25_4_AI",4,"Mytilus","After","Control","Day","After_Control",42.2183854506657,-45.5937362358814,1.1,1.590288,3.104472,0.749012,-0.0252379970634893,105.298917038071,-0.5,1.143,0.0976450039770454,11.7056680162428,1.029049,0.0962950039770454,0.0962950039770454,-42.2345454506657,-1.65454392895482,12.7,1595.69137318406,35.55,0.25,7.48374661820255,5.25,13.971816,32.375208,4.403674,0.0159466326750126,1184.83137318406,0.0400929038253633,0.00757518159043669,-1.92531260111434
"98","25","N_25_4_AI",4,"Mytilus","After","Control","Night","After_Control",-29.056738485458,30.9195863358827,1.58333333333333,-1.51456,0.776118,0.975007000000001,-0.00172757812152824,22.6255880882018,-0.41,1.143,0.0976450039770454,11.7056680162428,1.029049,0.0962950039770454,0.0962950039770454,28.716074485458,0.78154840183404,11.8,2237.6081379884,35.75,0.0999999999999998,7.34233793693529,1.435,7.799984,17.795277,3.5868635,0.00248769411013948,1826.7481379884,0.0412081324689443,0.0018726584915887,0.899619098830953
"99","25","D_25_4_BC",4,"Mytilus","Before","Control","Day","Before_Control",44.6246671327995,-39.7483264993652,1.05,0.6739792,4.656708,0.548845,0.0138109290531636,10.2032097412155,3.19,1.143,0.0976450039770454,11.7056680162428,1.029049,0.0962950039770454,0.0962950039770454,-47.5097059327995,-1.94982756744881,14.7,1611.12177397978,34.9,3.2,7.45489242659197,7.035,7.3872664,23.394414,2.7474535,2.7599716714498,1200.26177397978,0.037823146256028,1.25296301428448,-2.56572700562335
"100","25","D_25_5_BC",5,"Mytilus","Before","Control","Day","Before_Control",-93.0987446290151,82.8030148144987,1.35,-1.4085408,0.110874000000003,0.342221,-0.0402915004015103,96.3573807753221,-3.25,1.143,0.0976450039770454,11.7056680162428,1.029049,0.0958950039770454,0.0958950039770454,92.2637718290151,2.93287008396023,14.95,1664.40206923805,34.75,2.6,7.4416521409178,7.005,7.0199856,25.778205,3.1929865,1.83428046644828,1253.54206923805,0.0375685186338012,0.863830880954885,1.46756430837577
"101","25","N_25_4_BC",4,"Mytilus","Before","Control","Night","Before_Control",76.5502481647063,-114.847627587369,1.05,-0.3483488,2.383791,1.556137,-0.124875666311927,646.05470462853,1,1.143,0.0976450039770454,11.7056680162428,1.029049,0.0962950039770454,0.0962950039770454,-76.1701139647063,-3.12606834978467,14.4,1957.71464651167,33.4,4.95,7.4190675810722,3,2.0673744,43.9892595,4.2777625,6.55087112818721,1546.85464651167,0.0384938875624235,3.90068010738199,-10.201446377146
"102","25","N_25_5_BC",5,"Mytilus","Before","Control","Night","Before_Control",-22.0005992788597,54.2322516266072,0.85,0.075728,-4.43496,0.755469,0.101716733619777,-481.827790593392,0.42,1.143,0.0976450039770454,11.7056680162428,1.029049,0.0958950039770454,0.0958950039770454,28.0222252788597,1.41474798356587,14.3,2039.82810352924,33.45,4.7,7.40748811472613,3.71,1.931064,42.963675,5.4335655,5.88989906407837,1628.96810352924,0.0386013304499893,3.70358832490025,0.357671957791133
"103","26","D_26_4_AI",4,"Phyllospadix","After","Removal","Day","After_Removal",-142.072092541585,286.326285055401,1.03333333333333,-0.552814399999999,2.051169,0.12914,0.227672724402074,-95.0021646890797,6.68,1.703,0.0914458442363524,18.6230442096242,0.819038001,0.0900958442363524,0.0900958442363524,139.726389141585,3.65909551435413,15,126.117001207071,35.1,0.15,8.41442341271071,26.52,3.9264968,5.5048941,1.168717,0.00611339876771855,-284.742998792929,0.0374382757627148,-0.000651705848610278,11.3379392187015
"104","26","N_26_4_AI",4,"Phyllospadix","After","Removal","Night","After_Removal",28.0392799568949,-49.188754045183,1.15,-0.954172799999999,0.0554369999999995,0.206624,-0.0643178710005401,351.018071929474,-0.76,1.703,0.0914458442363524,18.6230442096242,0.819038001,0.0900958442363524,0.0900958442363524,-28.6356417568949,-0.673821446215616,11.65,2176.51437779262,35.7,0.4,7.36311133261197,1.83,4.278632,6.1590507,1.446368,0.0396341473982287,1765.65437779262,0.0414184333017488,0.0289847048901081,-1.67007120937819
"105","26","D_26_4_BC",4,"Phyllospadix","Before","Removal","Day","Before_Removal",31.8153947555588,-33.5927503049002,1.03333333333333,0.0833007999999995,-5.6989236,-0.00645699999999994,0.00110889823508309,8.15506825586127,-7.45,1.203,0.0651426836973008,18.4671544327217,0.819038001,0.0637926836973008,0.0637926836973008,-26.0460843555588,-0.683680018553161,15.25,230.179093436543,35.15,2.9,8.22398835151085,8.975,2.2226168,10.5662922,0.7522405,2.30034730572423,-180.680906563457,0.0371462168518582,-0.154390388945657,-0.925472383669655
"106","26","D_26_5_BC",5,"Phyllospadix","Before","Removal","Day","Before_Removal",7.60198387964056,-24.9164311291677,0.866666666666667,-0.56796,-3.32622,0.206624,-0.00427953174284035,6.65162193418746,4.56,1.203,0.0651426836973008,18.4671544327217,0.819038001,0.0633926836973008,0.0633926836973008,-4.43047587964056,-0.13778991485522,14.6,237.582438531567,34.65,2.7,8.22240303475698,7.53,1.9802872,6.0537204,0.852324,1.95957756721932,-173.277561468433,0.0379917895283392,-0.12900143377124,-1.28303445657012
"107","26","N_26_4_BC",4,"Phyllospadix","Before","Removal","Night","Before_Removal",126.588744757533,-140.134497948048,1.06666666666667,0.3104848,4.102338,0.432619,-0.046490679647512,271.715217471302,0.0699999999999998,1.203,0.0651426836973008,18.4671544327217,0.819038001,0.0637926836973008,0.0637926836973008,-129.515359957533,-3.29339208101713,14.5,1604.50926819755,33.25,4.85,7.50156919416766,2.525,2.0332968,17.240907,1.3721125,6.30589017140855,1193.64926819755,0.0384084799222292,2.89101442190235,-6.7244657665722
"108","26","N_26_5_BC",5,"Phyllospadix","Before","Removal","Night","Before_Removal",-1.59424874080923,-20.5284890217958,0.55,-0.37864,-2.550102,0.38742,-0.0720886159445415,362.495211517439,1.27,1.203,0.0651426836973008,18.4671544327217,0.819038001,0.0633926836973008,0.0633926836973008,4.54055074080924,0.222517920315053,14.6,1921.61448269192,33.2,4.4,7.44227954637164,3.195,1.9992192,18.017025,1.782132,5.20403589867848,1510.75448269192,0.0383019443076502,3.0113067371202,-5.24589629591948
"109","27","D_27_4_AI",4,"Phyllospadix","After","Control","Day","After_Control",53.5914954170885,-27.4982929389826,1.05,1.5221328,3.0046854,0.471361,0.0645188811119732,-160.540841721907,1.93,1.164,0.16357138148712,7.11615925363847,0.841263001,0.16222138148712,0.16222138148712,-54.1313260170885,-3.67502349592984,12.15,1029.85985939753,35.95,0.35,7.67196007344643,11.055,4.7670776,8.0660835,1.4237685,0.0307770413048083,618.999859397532,0.0407043216296986,0.00775457389881462,-0.0664978294732813
"110","27","N_27_4_AI",4,"Phyllospadix","After","Control","Night","After_Control",-59.3295262241259,32.3294699084827,1.13333333333333,-2.2869856,-1.773984,-0.380963,-0.0818852323452193,395.961423675918,-0.47,1.164,0.16357138148712,7.11615925363847,0.841263001,0.16222138148712,0.16222138148712,58.0545986241259,3.65157073448573,11.55,2615.65167281082,35.7,0.45,7.28972608822667,1.025,2.7034896,8.481861,1.6949625,0.0500196406946324,2204.79167281082,0.0415516234396203,0.0458243300411405,0.36958150501547
"111","27","D_27_4_BC",4,"Phyllospadix","Before","Control","Day","Before_Control",14.6851776799999,-56.4613977101567,1.05,0.8632992,3.4703562,0.594044,-0.0993253894138491,126.890589849367,-2.45,1.164,0.16357138148712,7.11615925363847,0.841263001,0.16222138148712,0.16222138148712,-16.1041466799999,-1.09332473053065,14.1,474.141601109124,35.05,2.9,7.97763423185889,10.295,1.9386368,6.5360223,1.588422,2.23022334661473,63.2816011091236,0.0384915981858319,0.0543240024616933,-6.62742751100138
"112","27","D_27_5_BC",5,"Phyllospadix","Before","Control","Day","Before_Control",-130.478006348783,260.950289670518,0.85,-1.3403856,-0.598719599999999,-0.632786,0.296148787083494,-307.40182100476,-0.359999999999999,1.164,0.16357138148712,7.11615925363847,0.841263001,0.16182138148712,0.16182138148712,128.470768348783,10.7476609616206,14.4,383.885985531427,34.45,2.7,8.07604593069371,8.89,1.7000936,7.9718406,1.569051,1.94901950921272,-26.974014468573,0.0382676406852844,-0.0201184009850795,32.9338331322573
"113","27","N_27_4_BC",4,"Phyllospadix","Before","Control","Night","Before_Control",103.386657992046,-124.403284469943,1.06666666666667,-0.12570848,3.437094,0.781297,-0.069001551890814,377.444222129867,0.57,1.164,0.16357138148712,7.11615925363847,0.841263001,0.16222138148712,0.16222138148712,-105.386866472046,-7.04301350688504,14.55,1656.34843589989,33.3,4.85,7.48722507520715,3.175,0.74743536,17.573529,1.4173115,6.3144087029595,1245.48843589989,0.0383390194786509,3.01518101218872,-12.5999322762598
"114","27","N_27_5_BC",5,"Phyllospadix","Before","Control","Night","Before_Control",-27.9519156420297,3.33991389188395,0.616666666666667,-0.17568896,-1.995732,0.019371,-0.0816197826928873,369.990404188554,-0.43,1.164,0.16357138148712,7.11615925363847,0.841263001,0.16182138148712,0.16182138148712,29.8107006820297,3.43755988375368,14.45,2030.0657490591,33.35,4.4,7.4119144079153,3.245,0.59673664,18.29421,1.8176455,5.18300260190594,1619.2057490591,0.0384457445211562,3.22650052161959,-5.89378974770617
"115","28","D_28_4_AI",4,"Phyllospadix","After","Removal","Day","After_Removal",-80.1344959282355,160.525717586685,1.05,0.4770864,4.2464742,0.5817757,0.117910842058162,-31.9876713699107,2.53,2.406,0.211229637912564,11.3904470214352,0.765063001,0.209879637912564,0.209879637912564,77.5286595282356,3.29452871598664,14.1,74.729042783434,35.35,0.35,8.57870542916304,25.465,1.1775704,4.0302699,0.90365715,0.0324854173555653,-336.130957216566,0.0384267070217968,-0.00419594833598946,10.3525339983119
"116","28","N_28_4_AI",4,"Phyllospadix","After","Removal","Night","After_Removal",-21.5451727319714,7.07739955438319,1.15,0.265048,1.5300612,0.109769,-0.0458572618856961,215.912466654313,-0.59,2.406,0.211229637912564,11.3904470214352,0.765063001,0.209879637912564,0.209879637912564,20.4996975319714,0.795371333354979,11.65,2377.67594516624,35.7,0.4,7.32709353659928,1.325,2.3059176,2.716413,0.8878375,0.0396341473982287,1966.81594516624,0.0414184333017488,0.0322869415786073,-0.278463760089997
"117","28","D_28_4_BC",4,"Phyllospadix","Before","Removal","Day","Before_Removal",-48.2349147384184,56.0267480982818,1.03333333333333,-0.1590288,0.942429,0.0613415,0.0263770961560557,-10.7096861886574,-2.38,2.337,0.183407352136133,12.7421282341254,0.765063001,0.182057352136133,0.181957352136133,47.2561399384184,1.82127002020015,15.5,120.830440095129,34.95,3.2,8.42976967021231,11.02,0.9579592,2.8328307,0.63440025,2.81955262474581,-290.029559904871,0.0369091097618144,-0.301825576345883,2.7991408986506
"118","28","D_28_5_BC",5,"Phyllospadix","Before","Removal","Day","Before_Removal",78.9273011094724,-124.701137600246,0.85,-0.0681552,-0.9867786,0.0193709999999999,-0.0648126708284291,31.7521123927335,2.4,2.337,0.183407352136133,12.7421282341254,0.765063001,0.181657352136133,0.181657352136133,-77.9699357094724,-3.64710406623702,15.15,131.351653197167,34.5,3,8.41055188287612,11.03,0.8443672,2.8106559,0.6747565,2.45517675271154,-279.508346802833,0.037394034539664,-0.256613718309024,-7.76226659437875
"119","28","N_28_4_BC",4,"Phyllospadix","Before","Removal","Night","Before_Removal",132.128856118421,-153.594213813274,1.08333333333333,-0.1400968,9.3245034,-0.077484,-0.0662342039888202,351.027443685482,-0.98,2.337,0.183407352136133,12.7421282341254,0.765063001,0.182057352136133,0.182057352136133,-141.748424318421,-5.21376294762536,14.55,1721.93064967314,33.35,5.3,7.48191731938873,2.35,0.56303768,10.5274863,0.929808,7.54051399579689,1311.07064967314,0.0383282687928218,3.78918883571448,-9.87437082945065
"120","28","N_28_5_BC",5,"Phyllospadix","Before","Removal","Night","Before_Removal",74.7632106164592,-61.0927876973178,0.7,0.26353344,-2.993598,0.135597,0.0453043033550324,-119.148711223271,1.12,2.337,0.183407352136133,12.7421282341254,0.765063001,0.181657352136133,0.181657352136133,-71.2348851764592,-4.04608119541452,14.5,1837.87001590425,33.35,4.4,7.47145236907184,2.42,0.624756,13.692939,0.9588645,5.19001099876584,1427.01001590425,0.0383869360780804,2.8430123684287,-5.73696845573745
"121","29","D_29_4_AI",4,"Phyllospadix","After","Control","Day","After_Control",-57.6652432201217,220.791366251945,1.06666666666667,0.3899992,2.3616162,0.1259115,0.255592152528919,-154.586718625197,4.05,0.75,0.0456671840460228,16.4231715983223,0.838342001,0.0443171840460228,0.0443171840460228,55.9454492201217,1.58523106207934,13.85,214.064484606826,36.3,0.4,8.27574257172167,17.115,1.8004332,4.6400769,0.95725025,0.0421415102400189,-196.795515393174,0.0385172441779948,-0.00319433529200065,10.9303422745644
"122","29","N_29_4_AI",4,"Phyllospadix","After","Control","Night","After_Control",-44.3069995575361,25.6559053442779,1.13333333333333,-0.753493599999999,4.8562812,-0.832953,-0.05597977564309,309.182784446572,0.01,0.75,0.0456671840460228,16.4231715983223,0.838342001,0.0443171840460228,0.0443171840460228,37.0313187575361,0.987570362075347,11.85,2672.46926464273,35.75,0.4,7.2872104379268,0.835,3.1370324,5.4439134,2.9734485,0.0398594973043049,2261.60926464273,0.0411422947029659,0.0370883832874801,0.343751161727677
"123","29","D_29_4_BC",4,"Phyllospadix","Before","Control","Day","Before_Control",-83.2006968779926,53.3875590077407,1.03333333333333,-0.5982512,1.2805947,0.1775675,-0.0178161347448,0.765042998127925,-0.58,0.75,0.0456671840460228,16.4231715983223,0.838342001,0.0443171840460228,0.0443171840460228,81.6769859779927,2.38899805314134,16.8,28.8187070855063,35,3.2,8.81642188744454,15.68,0.8973768,6.01214265,0.74094075,2.91701577946719,-382.041292914494,0.0355026273255083,-0.395648549796604,1.12975238402967
"124","29","D_29_5_BC",5,"Phyllospadix","Before","Control","Day","Before_Control",237.302379690467,-444.311301053647,0.85,0.3369896,-1.4912553,0.658614,-0.353989484701003,83.1459559211994,-0.32,0.75,0.0456671840460228,16.4231715983223,0.838342001,0.0439171840460228,0.0439171840460228,-234.156906790467,-8.25100607568716,17.4,70.77420654517,34.3,3,8.63051907772164,15.23,0.766746,5.90681235,1.1590315,2.60353204128838,-340.08579345483,0.0350213441628924,-0.310087477412674,-22.7513737555891
"125","29","N_29_4_BC",4,"Phyllospadix","Before","Control","Night","Before_Control",91.2915287077794,-109.668135880178,1.1,-0.63876568,-9.2136294,0.2292235,-0.0636816484792497,280.881488169827,0.26,0.75,0.0456671840460228,16.4231715983223,0.838342001,0.0443171840460228,0.0443171840460228,-82.2582179877794,-2.26018060323462,14.6,1557.48040607596,33.3,5.3,7.50773280628727,3.44,0.46440196,9.4741833,1.12190375,7.55069051621273,1146.62040607596,0.0382804732687437,3.31423756068369,-7.08068383006382
"126","29","N_29_5_BC",5,"Phyllospadix","Before","Control","Night","Before_Control",121.893637828824,-124.31297063748,0.733333333333333,0.59332888,5.6656614,0.6618425,-0.00655345978656019,121.544011750718,-1.06,0.75,0.0456671840460228,16.4231715983223,0.838342001,0.0439171840460228,0.0439171840460228,-125.642285348824,-5.1316054937533,14.6,1758.69315603623,33.3,4.4,7.47261525215436,3.04,0.44168356,7.7001993,1.56743675,5.20403589867848,1347.83315603623,0.0382804732687437,2.68505828703459,-7.70807742935819
"127","3","D_3_4_AI",4,"Phyllospadix","After","Removal","Day","After_Removal",-28.4534500003679,120.978185625649,0.95,-0.5225232,0.4767582,0.361592,0.153766779242451,-92.0162780223594,2.92,6.152,0.777906976744186,7.90840059790733,0.930624,0.776556976744186,0.776556976744186,28.1773526003679,1.91504603570944,13,203.361336340442,34.85,0.6,8.27137090101187,19.79,3.2449448,2.5778205,1.375341,0.0926230118344935,-207.498663659558,0.0398744319907915,-0.00766352736638912,14.5369441163445
"128","3","N_3_4_AI",4,"Phyllospadix","After","Removal","Night","After_Removal",27.0114471343604,-113.137768504673,1.11666666666667,0.1211648,0.886991999999999,0.00645700000000016,-0.286936047479517,960.589731501423,-0.8,6.152,0.777906976744186,7.90840059790733,0.930624,0.776556976744186,0.776556976744186,-27.7643603343604,-1.60533900152148,11,1417.33158056035,35.45,0.65,7.56406971205441,3.86,1.7493168,3.5257932,1.0492625,0.102735898680312,1006.47158056035,0.0423566378294205,0.0437970864108861,-11.521739683197
"129","3","D_3_4_BC",4,"Phyllospadix","Before","Removal","Day","Before_Removal",-28.1098006177417,125.291202428657,1.1,0.01438832,-0.022174800000001,0.180796,0.132002027680519,-67.5899761953096,1.74,5.31,0.649514563106796,8.17533632286996,0.930624,0.648164563106796,0.648164563106796,28.5079557377417,1.6181165168092,15.2,162.872161360712,35.05,0.15,8.35348649755846,12.45,0.46989224,4.213212,0.884609,0.00614612855284671,-247.987838639288,0.0372230552571097,-0.000567340830715758,12.6055516261807
"130","3","D_3_5_BC",5,"Phyllospadix","Before","Removal","Day","Before_Removal",-19.6297531074197,61.2740090597842,0.933333333333333,-0.14994144,3.8473278,-0.187253,0.0433817262223055,-18.4025221311441,0.92,5.31,0.649514563106796,8.17533632286996,0.930624,0.647764563106796,0.647764563106796,15.2579778674197,1.02006655030543,16.6,119.875912197485,35.2,0.25,8.44117837450987,13.78,0.40211568,6.1257885,0.8813805,0.0177122424270557,-290.984087802515,0.0356723482015767,-0.00183854594353437,7.17467509041342
"131","3","N_3_4_BC",4,"Phyllospadix","Before","Removal","Night","Before_Removal",44.9504574252205,-79.3562118585587,0.85,0.2574752,-0.0221747999999993,0.103312,-0.12367895377202,331.466786535793,-0.56,5.31,0.649514563106796,8.17533632286996,0.930624,0.648164563106796,0.648164563106796,-44.4641834252205,-3.26608734997827,15.4,1024.82110425184,33.1,5.1,7.66922887379632,4.24,0.29685376,5.7876228,0.749012,7.14281159260106,613.961104251842,0.0374042772921227,1.64033035306023,-10.0323597041039
"132","30","D_30_4_AI",4,"Mytilus","After","Control","Day","After_Control",-39.0778245912979,29.1123862450181,1.08333333333333,5.073776,-44.3496,-0.32285,-0.0448479046878711,131.552301152142,1.54,1.585,0.164284685605344,9.64788649751322,1.209563001,0.162934685605344,0.162934685605344,87.8555005912979,4.2641921844203,13.9,1334.27680424544,35.35,0.25,7.58096790989619,10.54,31.2378,274.96752,8.103535,0.0164840410632766,923.416804245444,0.038664175820617,0.00588532185331968,-1.44405502480528
"133","30","N_30_4_AI",4,"Mytilus","After","Control","Night","After_Control",-85.3261368898375,73.2065983062239,1.28333333333333,-14.00968,-4.324086,-1.74339,-0.0361386550843932,134.887718266721,-0.22,1.585,0.164284685605344,9.64788649751322,1.209563001,0.162934685605344,0.162934685605344,72.1537628898375,2.95630629779522,11.45,2607.49441330111,35.65,0.35,7.33558800803342,0.98,27.4514,41.633187,8.297245,0.0301728098494383,2196.63441330111,0.0416973765949438,0.0276364509793531,3.0149440436795
"134","30","D_30_4_BC",4,"Mytilus","Before","Control","Day","Before_Control",46.2678312431649,-76.4841438333649,1.03333333333333,1.211648,-2.21748,0.297022,-0.114916368893435,305.720901580479,-1.78,1.585,0.164284685605344,9.64788649751322,1.209563001,0.162934685605344,0.162934685605344,-42.2446592431649,-2.149618003018,15.65,1063.24005310442,34.6,3.1,7.61816732324856,8.35,11.510656,23.948784,2.744225,2.65660153837376,652.380053104417,0.036815237214587,0.638049976063581,-6.27221792256632
"135","30","D_30_5_BC",5,"Mytilus","Before","Control","Day","Before_Control",-88.0210289773634,75.3105365297179,0.983333333333333,1.287376,7.095936,0.619872,-0.0373832340026636,69.7363866166622,-1.17,1.585,0.164284685605344,9.64788649751322,1.209563001,0.162534685605344,0.162534685605344,83.4522129773634,4.45142974525934,15.7,1250.96869720299,34.2,2.95,7.54201752180051,6.875,12.760168,26.388012,3.202672,2.40890776558884,840.108697202988,0.0368421553175587,0.745591042047694,2.83726735148111
"136","30","N_30_4_BC",4,"Mytilus","Before","Control","Night","Before_Control",47.12055849225,-20.8020615840128,1.1,-17.22812,-6.319818,0.684442,0.0848755636502805,-284.018308464761,0.48,1.585,0.164284685605344,9.64788649751322,1.209563001,0.162934685605344,0.162934685605344,-56.65997649225,-2.70840510228358,14.6,1929.20514900174,33.3,5.3,7.45230516115757,3.46,10.31794,35.867739,3.222043,7.55069051621273,1518.34514900174,0.0382804732687437,4.38868565066344,-3.66900038979609
"137","30","N_30_5_BC",5,"Mytilus","Before","Control","Night","Before_Control",-21.7681348817041,-13.4451131631508,0.916666666666667,14.880552,11.309148,-0.180796,-0.10947696883682,516.255784730041,-0.1,1.585,0.164284685605344,9.64788649751322,1.209563001,0.162534685605344,0.162534685605344,24.9779468817041,1.42924843587665,14.55,2045.32388713438,33.35,4.45,7.4400044585643,3.65,9.144156,38.362404,3.473866,5.31580734787355,1634.46388713438,0.0383282687928218,3.33014977171785,-6.29806806301753
"138","31","D_31_4_AI",4,"Mytilus","After","Control","Day","After_Control",-82.4667701830581,81.6292095541135,1.08333333333333,-0.530096,-0.110873999999999,0.490732,-0.0237189750820113,66.5033963432186,-0.359999999999999,3.329,0.175943755146801,18.9208193108213,1.146063001,0.174593755146801,0.174593755146801,83.0290121830581,2.05602463267359,14.8,1542.62123454368,35.05,0.2,7.48367457569396,12.74,15.107736,21.454119,3.35764,0.0108101599840825,1131.76123454368,0.0376766120314217,0.00460955263777289,1.98208922367982
"139","31","N_31_4_AI",4,"Mytilus","After","Control","Night","After_Control",70.0273638038088,-70.8042743357405,1.28333333333333,6.739792,30.379476,5.255998,-0.0188174032065982,142.588912331475,0.13,3.329,0.175943755146801,18.9208193108213,1.146063001,0.174593755146801,0.174593755146801,-83.1550518038088,-1.73823989114071,11.65,1928.47815953191,35.6,0.35,7.39906798526689,1.015,11.018424,27.496752,5.766101,0.0303448941017689,1517.61815953191,0.0414420646976267,0.0190848840266063,-1.24097336618136
"140","31","D_31_4_BC",4,"Mytilus","Before","Control","Day","Before_Control",-52.4875644927442,43.6006467672419,1.03333333333333,-0.916308799999999,-3.658842,-0.277651,-0.025808890319869,98.7727175281336,-0.97,3.329,0.175943755146801,18.9208193108213,1.146063001,0.174593755146801,0.174593755146801,54.6747956927442,1.41940809747094,16.35,1634.71570913376,34.45,3.1,7.45957906411978,7.185,7.3418296,21.564993,2.4116895,2.70581092045322,1223.85570913376,0.0360861362402691,1.19500039208945,-0.350582523966291
"141","31","D_31_5_BC",5,"Mytilus","Before","Control","Day","Before_Control",-53.6555473619301,52.7560180520286,0.933333333333333,1.9007728,5.987196,0.658614,-0.00259762413497455,-55.6869059347453,1.33,3.329,0.175943755146801,18.9208193108213,1.146063001,0.174193755146801,0.174193755146801,50.8863521619301,1.45924753011818,16.4,1656.25861493045,33.85,2.95,7.44537580689235,7.365,7.8340616,22.72917,2.602171,2.45348343713524,1245.39861493045,0.0361528842013341,1.1046748307251,0.461804018454443
"142","31","N_31_4_BC",4,"Mytilus","Before","Control","Night","Before_Control",16.4949725266533,-27.2294550424281,1.1,13.3205552,19.624698,0.600501,-0.0372668438847308,206.702907733717,0.42,3.329,0.175943755146801,18.9208193108213,1.146063001,0.174593755146801,0.174593755146801,-21.5981133266533,-0.526724693616928,14.7,1775.96414373401,33.3,5.55,7.43572883358379,2.59,7.8037704,29.104425,2.6570555,8.30215111424146,1365.10414373401,0.0381638016484864,4.32521847110603,-5.1266122244721
"143","31","N_31_5_BC",5,"Mytilus","Before","Control","Night","Before_Control",99.2514320803821,-87.7842660472666,1.05,-12.6390032,38.473278,7.373894,0.016571655509571,-35.4861704122663,0,3.329,0.175943755146801,18.9208193108213,1.146063001,0.174193755146801,0.174193755146801,-135.615925280382,-3.45689204105202,14.7,1861.57251239473,33.35,4.7,7.42538123939621,2.8,8.1445464,58.153413,6.644253,5.95388420139904,1450.71251239473,0.0381531098692727,3.29542690967324,-4.31383126174013
"144","32","D_32_4_AI",4,"Mytilus","After","Removal","Day","After_Removal",-80.6163840146946,138.354543115884,1.1,-0.605823999999999,0.7982928,0.109769,0.102398068780927,-67.8537716740666,2.03,4.31,0.518665985596167,8.30977954925265,1.120663001,0.517315985596167,0.517315985596167,79.4318052146946,4.4332887030348,12.6,206.48210744165,35.3,0.2,8.25361005102567,20.995,7.421344,4.7564946,1.7207905,0.0101773726964781,-204.37789255835,0.040276610034538,-0.000837765565050559,11.011378680939
"145","32","N_32_4_AI",4,"Mytilus","After","Removal","Night","After_Removal",-62.9842677211877,37.3588120606664,1.26666666666667,0.151456,1.1309148,-0.025828,-0.0877991574700596,255.443759693673,0.32,4.31,0.518665985596167,8.30977954925265,1.120663001,0.517315985596167,0.517315985596167,61.9531529211877,3.00279260843124,11.5,1384.63612284986,35.1,0.35,7.53081165503827,4.01,8.027168,6.0758952,1.659449,0.0302157880683002,973.776122849858,0.0417612598065564,0.0122875879276769,0.60639052550246
"146","32","D_32_4_BC",4,"Mytilus","Before","Removal","Day","Before_Removal",-51.2706821980323,42.5293434149314,0.983333333333333,0.666406400000001,1.884858,0.0774839999999997,-0.0276504376831443,69.1127445896159,-0.48,3.203,0.281149722269502,11.3925063633166,1.120663001,0.279799722269502,0.279799722269502,50.2071985980323,2.28139879066818,14.8,1060.38077438357,34.75,3.1,7.62282340421033,7.91,5.6796,17.462655,2.092068,2.59714093617582,649.520774383568,0.0377399671167922,0.636634370093142,0.947005931005044
"147","32","D_32_5_BC",5,"Mytilus","Before","Removal","Day","Before_Removal",-76.4853114522618,57.3628920515152,0.95,2.2415488,1.66311,0.329307,-0.0706607177460832,134.814477399766,-1.05,3.203,0.281149722269502,11.3925063633166,1.120663001,0.279399722269502,0.279399722269502,77.7223642522618,3.65037151796735,15,1162.34438537826,34.6,2.95,7.57366782649572,7.145,7.1335776,19.236639,2.2954635,2.36452679004759,751.484385378259,0.0375431292125707,0.667105725691538,1.07082686539922
"148","32","N_32_4_BC",4,"Mytilus","Before","Removal","Night","Before_Removal",81.4177961274754,-76.0495712047702,1.11666666666667,-0.2347568,3.104472,0.561759,0.0193150188105458,-38.8984438308639,0.85,3.203,0.281149722269502,11.3925063633166,1.120663001,0.279799722269502,0.279799722269502,-83.6335069274754,-3.34651467798085,14.7,1612.74718798957,33.3,5.55,7.45540917030336,3.035,1.04126,22.72917,1.8822155,8.30215111424146,1201.88718798957,0.0381638016484864,3.80807917809025,-6.54766600752578
"149","32","N_32_5_BC",5,"Mytilus","Before","Removal","Night","Before_Removal",63.20510677323,-78.6698081112777,1.03333333333333,-0.3332032,6.430692,1.472196,-0.0562094645168223,283.332534183668,-0.41,3.203,0.281149722269502,11.3925063633166,1.120663001,0.279399722269502,0.279399722269502,-67.02460997323,-2.89406663091238,14.65,1734.96423316598,33.35,4.7,7.43696194745022,3.255,0.75728,27.496752,2.899193,5.94587533337452,1324.10423316598,0.0382113560885507,3.00836428310237,-6.9080907561279
"150","4","D_4_4_AI",4,"Phyllospadix","After","Control","Day","After_Control",-51.7121865927134,129.869911807055,2.01666666666667,-1.6887344,1.3637502,-0.071027,0.190422420284012,-315.571613309838,3.07,1.229,0.0994791085866816,12.354352762712,0.940149,0.0981291085866816,0.0981291085866816,48.5176479927133,0.982555810312164,13.05,640.181946921652,35,1.15,7.85877494766161,12.385,2.5482472,4.0191825,0.7716115,0.340733487299538,229.321946921652,0.0397781991940872,0.0310817567011361,4.24648701486729
"151","4","N_4_4_AI",4,"Phyllospadix","After","Control","Night","After_Control",79.5104859137505,-109.308136008799,1.1,0.0681552000000001,1.9070328,0.606958,-0.0944066431250521,449.806509323115,-0.88,1.229,0.0994791085866816,12.354352762712,0.940149,0.0981291085866816,0.0981141085866816,-80.1354475137505,-2.97479606959967,11,1750.18287051149,35.5,0.5,7.46064223025448,1.36,1.1624248,6.2311188,1.039577,0.0607904725919006,1339.32287051149,0.0423445169193828,0.034476088533096,-5.17517505796585
"152","4","D_4_4_BC",4,"Phyllospadix","Before","Control","Day","Before_Control",-40.6580010051835,103.744748858775,1.1,0.18326176,-0.0332621999999994,-0.1388255,0.0732283060026315,-36.0458912519041,0.219999999999999,1.229,0.0994791085866816,12.354352762712,0.940149,0.0981291085866816,0.0975791085866816,40.5968739651834,1.49882355525772,17.35,139.700054134564,34.95,0.15,8.37597563405634,11.67,0.68079472,9.4741833,0.70542725,0.00650053671090548,-271.159945865436,0.0349468783423559,-0.000616003446330835,6.16223810009684
"153","4","D_4_5_BC",5,"Phyllospadix","Before","Control","Day","Before_Control",-31.4393379298458,60.8161939353029,1,0.0984464,-1.0976526,0.1194545,0.0151246979487922,-10.9681479920959,-1.86,1.229,0.0994791085866816,12.354352762712,0.940149,0.0977291085866816,0.0977291085866816,32.8743459298458,1.3371336351201,18.9,116.193034512564,35.75,0.25,8.42015213603205,10.85,0.8216488,8.9087259,0.69574175,0.018774250699505,-294.666965487436,0.0332836087977505,-0.00184129965767521,3.61199261703012
"154","4","N_4_4_BC",4,"Phyllospadix","Before","Control","Night","Before_Control",102.790611041768,-128.638924630455,0.866666666666667,-0.14085408,-0.7539432,0.0600501,-0.0980259639215122,344.452118293318,-0.0100000000000002,1.229,0.0994791085866816,12.354352762712,0.940149,0.0981291085866816,0.0981291085866816,-102.057421721768,-4.80932479784897,15.4,1455.87847230863,33.15,5.1,7.52527086380642,3.055,0.42483408,8.7923082,0.56079045,7.14281159260106,1045.01847230863,0.0373938435231238,2.79121485965804,-10.1057779624949
"155","5","D_5_4_AI",4,"Phyllospadix","After","Control","Day","After_Control",8.14240824916078,67.8627416297711,0.95,-0.6664064,0.4213212,-0.00645699999999994,0.134333867213549,-128.531716238729,7.94,1.533,0.0893765512502866,17.1521498486448,0.781399,0.0880265512502866,0.0880265512502866,-9.24304984916078,-0.285764884363304,13.75,353.196888214934,35.4,0.6,8.09430100938276,16.88,1.1132016,4.5680088,0.6876705,0.0945592122885556,-57.6631117850663,0.0388328458692715,-0.00211739137704164,4.4840705103346
"156","5","N_5_4_AI",4,"Phyllospadix","After","Control","Night","After_Control",159.581942138655,-197.79391328013,1.13333333333333,0.0605824,0.7317684,-0.045199,-0.0907620603138488,690.112832984978,-0.31,1.533,0.0893765512502866,17.1521498486448,0.781399,0.0880265512502866,0.0880165512502866,-160.343526138655,-4.15490978540158,10.5,2512.38958946083,35.55,0.5,7.35778126458072,0.965,0.8784448,2.3616162,0.8297245,0.0599223500829336,2101.52958946083,0.0430277360201444,0.0541842220403865,-6.1499641348288
"157","5","D_5_4_BC",4,"Phyllospadix","Before","Control","Day","Before_Control",-30.9449878456303,54.16752219861,1.1,-0.0151456,0.0221748000000002,-0.00645699999999994,0.00621913680362418,-8.19810894869144,0.890000000000001,1.533,0.0893765512502866,17.1521498486448,0.781399,0.0880265512502866,0.0879765512502866,30.8947534456303,0.824446474130219,17.05,160.053462191878,35.5,0.3,8.3279602409628,12.185,0.8784448,4.490397,0.5791929,0.0258032951302819,-250.806537808122,0.0351466717219873,-0.0022745643491484,2.06881880601185
"158","5","D_5_5_BC",5,"Phyllospadix","Before","Control","Day","Before_Control",-46.0488754878181,18.9381804059285,1.05,0.5603872,1.2528762,0.1343056,-0.104241534047949,46.2552409333504,-4.86,1.533,0.0893765512502866,17.1521498486448,0.781399,0.0876265512502866,0.0876265512502866,45.6249976878181,1.27043590399903,20.2,179.082028184207,35.8,0.25,8.27894904234064,10.2,1.1510656,5.1279225,0.6431172,0.0193815604081543,-231.777971815793,0.0320898208954857,-0.00144154495496796,-0.214320580922362
"159","5","N_5_4_BC",4,"Phyllospadix","Before","Control","Night","Before_Control",111.896366254496,-140.65362657618,0.9,0.8102896,3.2929578,0.135597,-0.0912169471932156,511.590726297324,1.25,1.533,0.0893765512502866,17.1521498486448,0.781399,0.0880265512502866,0.0880265512502866,-114.107840454496,-3.72383257887266,15.4,1922.32333677637,33.1,5.1,7.47146766883971,3.325,0.4051448,5.3496705,0.7457835,7.14281159260106,1511.46333677637,0.0374042772921227,4.03820237419305,-9.49464268270082
"160","6","D_6_4_AI",4,"Phyllospadix","After","Removal","Day","After_Removal",-94.1271451502951,126.393279019979,0.966666666666667,-0.238543200000001,-0.7982928,0.071027,0.0408292143403468,-15.5585261192579,3.93,0.683,0.0323204384636221,21.1321390571091,0.905224,0.0309704384636221,0.0309704384636221,94.8289487502951,2.27528854948503,15.3,75.0464163243679,34.8,0.6,8.56078264467911,22.285,2.88713,5.4993504,1.1525745,0.0986001631857419,-335.813583675632,0.0371628510867046,-0.0123050935054259,3.80227792835333
"161","6","N_6_4_AI",4,"Phyllospadix","After","Removal","Night","After_Removal",72.1411891863027,-101.879917708214,1.08333333333333,0.3824264,0.3215346,-0.109769,-0.086622836473853,489.585512254404,0.11,0.683,0.0323204384636221,21.1321390571091,0.905224,0.0309704384636221,0.0309304384636221,-72.2998353863027,-1.54591714271495,10.5,2074.40370189974,35.55,0.5,7.41350650001899,1.385,2.4403348,3.7752597,0.6553855,0.0599223500829336,1663.54370189974,0.0430277360201444,0.0428915308971442,-2.85377300167818
"162","6","D_6_4_BC",4,"Phyllospadix","Before","Removal","Day","Before_Removal",-39.9509729469337,28.0774151457586,1.08333333333333,1.5410648,6.9517998,0.3079989,-0.060756598311908,20.2664214463237,-0.609999999999999,0.683,0.027431630832962,24.898264494698,0.905224,0.026081630832962,0.026071630832962,35.1562357469337,0.633626590202272,18.55,145.943867646097,35.35,0.3,8.33447826369756,10.775,3.8110116,10.9377201,0.76935155,0.0268008808691484,-264.916132353903,0.0336885871626642,-0.00239188487227124,0.380852990779632
"163","6","D_6_5_BC",5,"Phyllospadix","Before","Removal","Day","Before_Removal",14.3201814673923,-40.9019974133653,1.13333333333333,1.249512,-3.6810168,0.0710270000000001,-0.00819160075168313,7.47892481757222,-0.59,0.683,0.027431630832962,24.898264494698,0.905224,0.025681630832962,0.025681630832962,-9.24759866739233,-0.156934650512818,19,159.816540778045,35.1,0.2,8.30000416416577,10.175,5.2063,12.5731116,0.9588645,0.0120452836002274,-251.043459221955,0.0333076427738475,-0.00100718636659771,-1.23029761861865
"164","6","N_6_4_BC",4,"Phyllospadix","Before","Removal","Night","Before_Removal",36.2176399694117,-111.480027390194,0.866666666666667,-0.19197048,-4.3906104,-0.071027,-0.251353057166487,1082.904027446,0.25,0.683,0.027431630832962,24.898264494698,0.905224,0.026081630832962,0.026081630832962,-32.1610540494117,-0.724832834703307,15.4,1785.87008317975,33.1,5.1,7.50090691474377,2.555,0.46440196,9.8899608,0.6876705,7.14281159260106,1375.01008317975,0.0374042772921227,3.67363788941007,-7.97378863527537
"165","7","D_7_4_AI",4,"Phyllospadix","After","Removal","Day","After_Removal",-39.5513906456201,100.994256714676,0.966666666666667,-3.634944,0.964603800000001,0.06457,0.128085037846878,-127.229571825753,2.12,3.083,0.216552996557278,14.2366997871791,0.705199,0.215202996557278,0.215162996557278,35.0809828456201,1.29549191348047,13.05,349.362456660725,35,0.85,8.0688555092012,13.67,4.316496,5.3940201,1.42054,0.186147406105041,-61.4975433392749,0.0397781991940872,-0.0045536523825867,6.16821665811317
"166","7","N_7_4_AI",4,"Phyllospadix","After","Removal","Night","After_Removal",29.978001567059,-51.7827121587693,1.1,0.0886017600000001,0.842642400000001,0.174339,-0.0739196011122534,224.659382683836,-1.15,3.083,0.216552996557278,14.2366997871791,0.705199,0.215202996557278,0.215202996557278,-30.383364207059,-0.986196829589801,11,1157.86252210846,35.5,0.4,7.62625596990046,3.465,0.61983368,5.3108646,1.2881715,0.0389059024588164,747.002522108455,0.0423445169193828,0.0123065053381534,-2.38768255559916
"167","7","D_7_4_BC",4,"Phyllospadix","Before","Removal","Day","Before_Removal",-5.84994892175382,44.9029313486612,1.2,-0.16205792,-2.5944516,-0.652157,0.0559502765691811,-46.7261363103599,1.29,2.99,0.257424427350927,11.6150593429269,0.705199,0.256074427350927,0.256074427350927,6.97802860175382,0.254737075784817,14.4,291.363147177206,35.2,0.3,8.15654939512731,10.845,0.60355216,6.7189644,1.5787365,0.0240619692495398,-119.496852822794,0.0381068503686813,-0.00109569754753107,3.02477494211126
"168","7","D_7_5_BC",5,"Phyllospadix","Before","Removal","Day","Before_Removal",15.3588710911904,-19.562199615661,0.966666666666667,0.5831056,1.9070328,0.025828,-0.0184072768854122,18.1548941437715,-0.69,2.99,0.257424427350927,11.6150593429269,0.705199,0.255674427350927,0.255674427350927,-16.6311422911904,-0.752500993622338,15.5,277.077526093912,35,0.2,8.17532089496919,11.145,0.814076,6.375255,1.265572,0.0110138774404133,-133.782473906089,0.0368988205624664,-0.000543690753016434,-1.0171974782476
"169","7","N_7_4_BC",4,"Phyllospadix","Before","Removal","Night","Before_Removal",67.3619055443955,-85.6493957743878,0.883333333333333,0.151380272,0.432408599999999,0.251823,-0.0620055327615718,261.943009886797,-0.68,2.99,0.257424427350927,11.6150593429269,0.705199,0.256074427350927,0.256074427350927,-67.1392878723955,-3.32960543055156,15.55,1463.41763755795,33,5.05,7.56572379983548,3.28,0.099998824,8.1326079,1.9661565,7.03133585087623,1052.55763755795,0.0372565754774654,2.75731677250561,-7.92284741893687
"170","8","D_8_4_AI",4,"Phyllospadix","After","Control","Day","After_Control",-33.5773577938639,80.1287246471406,0.966666666666667,-1.2532984,0.110874,-0.32285,0.12572780647032,-308.722203306112,-1.59,0.886,0.063797986966607,13.8875855199592,0.778224,0.062447986966607,0.062447986966607,31.5674853938639,1.17731751334327,13.7,939.079492203056,34.6,0.85,7.72504245756092,10.115,3.5005268,5.5437,1.452825,0.189515174017427,528.219492203056,0.0390687955436342,0.0391100557017699,4.76041535473604
"171","8","N_8_4_AI",4,"Phyllospadix","After","Control","Night","After_Control",61.5231882437861,-78.8589447754798,1.1,-1.4161136,2.3893347,0.380963,-0.0516421889251442,294.245449598431,-0.56,0.886,0.063797986966607,13.8875855199592,0.778224,0.062447986966607,0.062447986966607,-64.5667105437861,-2.11614944786625,10.6,2021.52510977283,35.5,0.4,7.41139243139019,1.09,1.2760168,4.62621765,1.433454,0.0384610894247634,1610.66510977283,0.0428995824424943,0.0265754053696655,-3.07956996501107
"172","8","D_8_4_BC",4,"Phyllospadix","Before","Control","Day","Before_Control",-30.8379714294306,37.7231310231114,1.2,1.3214536,1.940295,0.7070415,-0.0145182634325653,8.60662586998433,-1.34,0.886,0.063797986966607,13.8875855199592,0.778224,0.062447986966607,0.062447986966607,31.6332130294306,0.950369345324577,17.15,353.599199324535,35.15,0.95,8.06054184538198,9.83,1.7247052,16.2153225,2.24865025,0.259414027659365,-57.2608006754655,0.0351120839651289,-0.00521563846349406,1.32150869639672
"173","8","D_8_5_BC",5,"Phyllospadix","Before","Control","Day","Before_Control",-30.4619552647086,47.6115599271134,0.983333333333333,-0.1098056,-0.388058999999998,-0.3002505,-0.0253755966804032,14.6725395065299,0.379999999999999,0.886,0.063797986966607,13.8875855199592,0.778224,0.062047986966607,0.062047986966607,30.1397076647086,1.0979381776922,20,365.238782012792,35.6,1.15,8.04059491532549,9.35,2.3305292,16.9914405,2.45204575,0.408127764455897,-45.6212179872084,0.0323024344550689,-0.00601448256211121,2.37689225524274
"174","8","N_8_4_BC",4,"Phyllospadix","Before","Control","Night","Before_Control",41.3630252658932,-61.713923774299,0.883333333333333,-0.04846592,6.763314,0.1904815,-0.0711811111665765,318.573595258531,-0.53,0.886,0.063797986966607,13.8875855199592,0.778224,0.062447986966607,0.062447986966607,-47.7938421858932,-1.95064251434599,15.2,1654.12155680867,33.3,5.05,7.49299118474925,3.405,0.20143648,9.036231,1.43506825,6.96629526306548,1243.26155680867,0.037588756586318,3.25553480346244,-6.34243679006001
"175","9","D_9_4_AI",4,"Mytilus","After","Control","Day","After_Control",5.84393598830684,-5.16865007189563,0.983333333333333,-0.522523200000001,2.21748,0.303479,-0.00864934049105415,39.0804254510351,1.69,6.453,0.751685393258427,8.58470852017937,1.114313001,0.750335393258427,0.750295393258427,-7.97698118830684,-0.482451942664646,12.55,1488.63704284306,35.15,0.7,7.49497666695743,10.505,7.28882,15.078864,2.0371835,0.12449856785741,1077.77704284306,0.0403746139929578,0.0541753427392557,-0.196928652356042
"176","9","N_9_4_AI",4,"Mytilus","After","Control","Night","After_Control",26.1337099635375,-36.9408522204321,1.1,0.6361152,3.32622,0.374506,-0.029892704915742,206.848559948061,0.3,6.453,0.751685393258427,8.58470852017937,1.114313001,0.750335393258427,0.750345393258427,-28.0748027635375,-1.51799108909354,10.85,2437.62679461924,35.5,0.35,7.29956694287629,1.08,3.4759152,19.070328,2.214751,0.0296593851890963,2026.76679461924,0.0425513730826788,0.0255787609712916,-2.50233591402508
"177","9","D_9_4_BC",4,"Mytilus","Before","Control","Day","Before_Control",17.7434101207787,-55.4930083079091,1.15,5.11164,12.1628778,0.90398,-0.166450772687644,439.754756700665,0.450000000000001,6.453,0.751685393258427,8.58470852017937,1.114313001,0.750335393258427,0.750335393258427,-22.9866879207787,-1.18882509703767,15.85,1047.7329763113,35.9,0.85,7.63787844229607,8.755,6.607268,14.3193771,1.87253,0.200784346587581,636.872976311302,0.0363320241360821,0.0464592577437011,-4.59760689744186
"178","9","D_9_5_BC",5,"Mytilus","Before","Control","Day","Before_Control",1.96687298283041,-27.8170472869781,1.16666666666667,0.681552,0.997866000000002,0.19371,-0.120174491535824,449.835314042603,-1.21,6.453,0.751685393258427,8.58470852017937,1.114313001,0.749935393258427,0.749935393258427,-1.89576698283041,-0.0965930743989213,17.8,1492.52801168294,36.55,1.65,7.49456581018433,8.375,9.503864,20.899749,2.421375,0.795606360640188,1081.66801168294,0.0341930188083316,0.294258948091614,-3.03233294246688
"179","9","N_9_4_BC",4,"Mytilus","Before","Control","Night","Before_Control",65.6246760574163,-80.0862524582585,0.866666666666667,-0.5452416,0.554370000000002,-0.06457,-0.048070921040539,271.014125603558,-0.22,6.453,0.751685393258427,8.58470852017937,1.114313001,0.750335393258427,0.750335393258427,-66.8534276574163,-4.587868814991,15.1,1882.28397782716,33.3,5.05,7.42812993452913,3.18,2.0522288,16.686537,1.672363,6.94774016311756,1471.42397782716,0.0377026676566953,3.85437065978242,-10.2584653996169
"180","24","D_24_4_BC",4,"Mytilus","Before","Removal","Day","Before_Removal",-98.8643346022898,90.8276431380248,1.05,1.1662112,4.656708,0.813582,-0.0230640108696205,27.8187329419094,-0.31,0.98,0.065976130581271,14.8538568625635,1.412763001,0.064626130581271,0.064626130581271,97.0010018022898,3.11612332137785,16.05,817.856888805454,34.65,3.5,7.69318756305836,9.075,2.5065968,16.852848,1.472196,3.42221921765098,406.996888805454,0.0363682702858228,0.50654911528466,2.21294022195857
"181","24","D_24_4_BC",4,"Mytilus","Before","Removal","Day","Before_Removal",-98.8643346022898,90.8276431380248,1.05,1.1662112,4.656708,0.813582,-0.0230640108696205,27.8187329419094,-0.31,0.98,0.065976130581271,14.8538568625635,1.412763001,0.064626130581271,0.064626130581271,97.0010018022898,3.11612332137785,16.05,817.856888805454,34.65,3.5,7.69318756305836,9.075,2.5065968,16.852848,1.472196,3.42221921765098,406.996888805454,0.0363682702858228,0.50654911528466,2.21294022195857
"182","24","D_24_5_BC",5,"Mytilus","Before","Removal","Day","Before_Removal",-84.1230311633528,62.2255738256983,1.35,1.6432976,15.411486,0.426162,-0.0660622809640579,121.49656584723,-0.65,0.98,0.065976130581271,14.8538568625635,1.412763001,0.064226130581271,0.064226130581271,71.2071667633528,1.76815876381532,16.4,892.514538200024,33.8,2.9,7.64862441714152,8.595,3.9113512,26.886945,2.092068,2.37101932850415,481.654538200024,0.036162907786011,0.412984825927382,0.909126637101111
"183","24","D_24_5_BC",5,"Mytilus","Before","Removal","Day","Before_Removal",-84.1230311633528,62.2255738256983,1.35,1.6432976,15.411486,0.426162,-0.0660622809640579,121.49656584723,-0.65,0.98,0.065976130581271,14.8538568625635,1.412763001,0.064226130581271,0.064226130581271,71.2071667633528,1.76815876381532,16.4,892.514538200024,33.8,2.9,7.64862441714152,8.595,3.9113512,26.886945,2.092068,2.37101932850415,481.654538200024,0.036162907786011,0.412984825927382,0.909126637101111
"184","24","N_24_4_BC",4,"Mytilus","Before","Removal","Night","Before_Removal",-65.0764259932712,63.5828690660655,1.05,1.5675696,-8.537298,0.0322849999999999,-0.0105363239993777,23.9256002435204,0.89,0.98,0.065976130581271,14.8538568625635,1.412763001,0.064626130581271,0.064626130581271,75.2458635932712,2.41724710078896,14.55,2186.04496190549,33.35,4.95,7.32929972381448,3.055,1.5865016,24.669465,1.1977735,6.57748110295527,1775.18496190549,0.0383282687928218,4.47530277593477,-2.80739493078369
"185","24","N_24_4_BC",4,"Mytilus","Before","Removal","Night","Before_Removal",-65.0764259932712,63.5828690660655,1.05,1.5675696,-8.537298,0.0322849999999999,-0.0105363239993777,23.9256002435204,0.89,0.98,0.065976130581271,14.8538568625635,1.412763001,0.064626130581271,0.064626130581271,75.2458635932712,2.41724710078896,14.55,2186.04496190549,33.35,4.95,7.32929972381448,3.055,1.5865016,24.669465,1.1977735,6.57748110295527,1775.18496190549,0.0383282687928218,4.47530277593477,-2.80739493078369
"186","24","N_24_5_BC",5,"Mytilus","Before","Removal","Night","Before_Removal",43.3226725423251,-45.5347436604502,0.866666666666667,-1.83716128,4.98933,-0.245366,-0.00367826189737741,31.4382331349875,0.18,0.98,0.065976130581271,14.8538568625635,1.412763001,0.064226130581271,0.064226130581271,-50.6398958223251,-1.95871852430879,14.6,2213.72687859475,33.3,4.7,7.3221924308661,3.59,1.45170576,22.895481,1.091233,5.93786947323387,1802.86687859475,0.0382804732687437,4.09799670830794,-5.66178724366652
"187","24","N_24_5_BC",5,"Mytilus","Before","Removal","Night","Before_Removal",43.3226725423251,-45.5347436604502,0.866666666666667,-1.83716128,4.98933,-0.245366,-0.00367826189737741,31.4382331349875,0.18,0.98,0.065976130581271,14.8538568625635,1.412763001,0.064226130581271,0.064226130581271,-50.6398958223251,-1.95871852430879,14.6,2213.72687859475,33.3,4.7,7.3221924308661,3.59,1.45170576,22.895481,1.091233,5.93786947323387,1802.86687859475,0.0382804732687437,4.09799670830794,-5.66178724366652
